주소,위도,경도,CCTV 수량,설치목적
서울특별시 광진구 능동로7길 14 (자양동),37.55413,127.08364,1,쓰레기단속
서울특별시 광진구 동일로2길 2-8 (자양동),37.53657,127.07619,1,쓰레기단속
서울특별시 광진구 동일로38길 17-5 (군자동),37.53118,127.07273,1,쓰레기단속
서울특별시 광진구 동일로4길 68-8 (자양동),37.53017,127.07338,1,쓰레기단속
서울특별시 광진구 동일로58길 20 (군자동),37.53939,127.06527,1,쓰레기단속
"서울특별시 광진구 동일로66길 36 (중곡동, 건일)",37.53552,127.06239,1,쓰레기단속
서울특별시 광진구 동일로80길 12 (중곡동),37.56494,127.07921,1,쓰레기단속
서울특별시 광진구 뚝섬로23길 48  (자양동),37.55538,127.08724,1,쓰레기단속
서울특별시 광진구 뚝섬로23길 8 (자양동),37.55504,127.0874,1,쓰레기단속
서울특별시 광진구 뚝섬로27길 39 (자양동),37.56145,127.08614,1,쓰레기단속
서울특별시 광진구 뚝섬로30가길 18 (자양동),37.56277,127.0833,1,쓰레기단속
"서울특별시 광진구 뚝섬로35길 18 (자양동, 무지개빌라)",37.56724,127.08351,1,쓰레기단속
서울특별시 광진구 뚝섬로36가길 26 (자양동),37.56725,127.08245,1,쓰레기단속
서울특별시 광진구 뚝섬로40길 14 (자양동),37.56733,127.08583,1,쓰레기단속
서울특별시 광진구 뚝섬로52라길 61-12 (자양동),37.56177,127.08947,1,쓰레기단속
서울특별시 광진구 뚝섬로57가길 38 (자양동),37.54518,127.06749,1,쓰레기단속
서울특별시 광진구 뚝섬로58길 13 (자양동),37.54063,127.07055,1,쓰레기단속
서울특별시 광진구 뚝섬로58길 90 (자양동),37.54557,127.07421,1,쓰레기단속
서울특별시 광진구 뚝섬로64길 45 (자양동),37.54168,127.06954,1,쓰레기단속
서울특별시 광진구 면목로 63-2,37.54651,127.07031,1,쓰레기단속
서울특별시 광진구 면목로12길 37 (중곡동),37.53934,127.06939,1,쓰레기단속
서울특별시 광진구 아차산로23길 31 (화양동),37.53707,127.0647,1,쓰레기단속
서울특별시 광진구 아차산로32길 21 (자양동),37.54107,127.07034,1,쓰레기단속
서울특별시 광진구 아차산로40길 49 (자양동),37.53694,127.06584,1,쓰레기단속
서울특별시 광진구 자양번영로1길 27 (자양동),37.53085,127.08861,1,생활방범
서울특별시 광진구 자양번영로1길15,37.5325,127.09019,1,생활방범
서울특별시 광진구 자양번영로2길 55 (자양동),37.52981,127.07478,1,생활방범
서울특별시 광진구 자양번영로3길 16 (자양동),37.53012,127.07732,1,생활방범
서울특별시 광진구 자양번영로3길 16 (자양동),37.53145,127.08258,1,생활방범
서울특별시 광진구 자양번영로3길38-10 (자양동),37.53135,127.08444,1,생활방범
서울특별시 광진구 자양번영로3나길 40 (자양동),37.53113,127.08395,1,생활방범
서울특별시 광진구 자양번영로3다길 11-5,37.53062,127.08386,1,생활방범
서울특별시 광진구 자양번영로4길 17 (자양동),37.53199,127.0864,1,생활방범
서울특별시 광진구 자양번영로5길 16 (자양동),37.53353,127.09022,1,생활방범
서울특별시 광진구 자양번영로7길 12-7 (자양동),37.53356,127.07488,1,생활방범
서울특별시 광진구 자양번영로8길 7 (자양동),37.53532,127.07139,1,생활방범
서울특별시 광진구 자양번영로9길 16-4 (자양동),37.53086,127.07148,1,생활방범
서울특별시 광진구 자양번영로9길 6-7 (자양동),37.53482,127.0701,1,생활방범
서울특별시 광진구 중곡 4동 30-75,37.53597,127.06358,1,생활방범
서울특별시 광진구 천호대로 104길22,37.53626,127.06224,1,생활방범
서울특별시 광진구 천호대로 114길 58,37.53716,127.0659,1,생활방범
서울특별시 광진구 천호대로 115길 29,37.53682,127.06676,1,생활방범
서울특별시 광진구 천호대로 143길 23,37.53026,127.0892,1,생활방범
서울특별시 광진구 천호대로 585,37.56261,127.08206,1,생활방범
서울특별시 광진구 천호대로 623-1,37.56565,127.07956,1,생활방범
서울특별시 광진구 아차산로32길 17 (자양동),37.55594,127.08902,1,생활방범
서울특별시 광진구 아차산로32길 21 (자양동),37.56864,127.08899,1,생활방범
서울특별시 광진구 아차산로33길 16-8 (화양동),37.54455,127.06816,1,생활방범
서울특별시 광진구 아차산로38길 5-16 (자양동),37.5549,127.08008,1,생활방범
서울특별시 광진구 아차산로39가길 8,37.55333,127.08553,1,생활방범
서울특별시 광진구 아차산로39길 11 (자양동),37.53825,127.08,1,생활방범
서울특별시 광진구 아차산로39길 36,37.52977,127.08149,1,생활방범
서울특별시 광진구 아차산로39길 38-7,37.53366,127.08865,1,생활방범
서울특별시 광진구 아차산로40길 28 (자양동),37.53646,127.07561,1,생활방범
서울특별시 광진구 아차산로40길 46 (자양동),37.53137,127.07154,1,생활방범
서울특별시 광진구 아차산로41길 16 (자양동),37.54334,127.08928,1,생활방범
서울특별시 광진구 아차산로42길 16,37.54822,127.08973,1,생활방범
서울특별시 광진구 아차산로44가길 16,37.54869,127.08742,1,생활방범
서울특별시 광진구 아차산로44길 26 (자양동),37.54043,127.09242,1,생활방범
서울특별시 광진구 아차산로45길 31 (자양동),37.54851,127.10919,1,생활방범
서울특별시 광진구 아차산로46가길 19 (자양동),37.54823,127.10614,1,생활방범
서울특별시 광진구 구의로1길 26 (구의동),37.53795,127.08353,1,생활방범
서울특별시 광진구 구의로3길 11,37.55465,127.09671,1,생활방범
서울특별시 광진구 구의로4길 40 (구의동),37.54804,127.0718,1,생활방범
서울특별시 광진구 구의로4길 51 (구의동),37.53526,127.08388,1,생활방범
서울특별시 광진구 구의로4길 60 (구의동),37.56504,127.08657,1,생활방범
서울특별시 광진구 구의로4길 7-16 (구의동),37.53242,127.09021,1,생활방범
서울특별시 광진구 구의로6길 21 (구의동),37.53762,127.06854,1,생활방범
서울특별시 광진구 구의로9길 15,37.53716,127.06923,1,생활방범
서울특별시 광진구 군자동 111-2,37.54375,127.0817,1,생활방범
서울특별시 광진구 군자로 114,37.53793,127.06953,1,생활방범
서울특별시 광진구 군자로 160-1,37.55763,127.08331,1,생활방범
서울특별시 광진구 군자로 183,37.53917,127.06938,1,생활방범
서울특별시 광진구 군자로 38 (화양동),37.56223,127.08212,1,생활방범
서울특별시 광진구 군자로 43,37.53908,127.06238,1,생활방범
서울특별시 광진구 군자로 5길 29,37.54206,127.10178,1,생활방범
서울특별시 광진구 군자로 96-14,37.53494,127.07532,1,생활방범
서울특별시 광진구 군자로10길22,37.56548,127.08319,1,생활방범
서울특별시 광진구 군자로11길11,37.56532,127.08173,1,생활방범
서울특별시 광진구 군자로13길 35 (군자동),37.56251,127.07706,1,생활방범
서울특별시 광진구 군자로15길 10-6 (군자동),37.56648,127.08205,1,생활방범
서울특별시 광진구 군자로15길21,37.55808,127.0851,1,생활방범
서울특별시 광진구 군자로15길36,37.54821,127.09303,1,생활방범
서울특별시 광진구 군자로17길 34 (군자동),37.54441,127.08734,1,생활방범
서울특별시 광진구 군자로2길 4 (화양동),37.54237,127.08816,1,생활방범
서울특별시 광진구 군자로3길 15 (화양동),37.54732,127.0892,1,생활방범
서울특별시 광진구 군자로3길 25-16 (화양동),37.55529,127.0722,1,생활방범
서울특별시 광진구 군자로5길 18-12 (화양동),37.55264,127.08134,1,생활방범
서울특별시 광진구 군자로6길 20,37.55637,127.0801,1,생활방범
서울특별시 광진구 군자로6길 51,37.55546,127.0808,1,생활방범
서울특별시 광진구 긴고랑로 110 (중곡동),37.55389,127.08031,1,생활방범
서울특별시 광진구 천호대로 717-18,37.55784,127.08778,1,생활방범
서울특별시 광진구 천호대로 717-18,37.55596,127.08487,1,생활방범
서울특별시 광진구 천호대로 717-18,37.55646,127.08509,1,생활방범
서울특별시 광진구 천호대로 717-18 (구의동),37.55868,127.08384,1,생활방범
서울특별시 광진구 천호대로 717-18 (구의동),37.55778,127.08333,1,생활방범
서울특별시 광진구 천호대로 717-18 (구의동),37.55811,127.08282,1,생활방범
서울특별시 광진구 천호대로 717-18 (구의동),37.57041,127.0806,1,생활방범
서울특별시 광진구 천호대로 717-18 (구의동),37.56659,127.08386,1,생활방범
서울특별시 광진구 천호대로 717-18 (구의동),37.5702,127.08118,1,생활방범
서울특별시 광진구 천호대로 717-18 (구의동),37.56605,127.07917,1,생활방범
서울특별시 광진구 천호대로 717-18 (구의동),37.56606,127.07839,1,생활방범
서울특별시 광진구 천호대로 798,37.56605,127.08051,1,생활방범
서울특별시 광진구 천호대로 809 (광장동),37.56636,127.0775,1,생활방범
서울특별시 광진구 천호대로101길 11 (중곡동),37.57108,127.08139,1,생활방범
서울특별시 광진구 천호대로102길60,37.5591,127.09012,1,생활방범
서울특별시 광진구 천호대로104나길 8 (군자동),37.56228,127.08851,1,생활방범
서울특별시 광진구 구의강변로 35 (구의동),37.55593,127.07855,1,어린이보호
서울특별시 광진구 구의강변로 69 구남초교 정문 앞,37.55241,127.07716,1,어린이보호
"서울특별시 광진구 구의강변로 84 (구의동, 세양아파트)",37.55066,127.07601,1,어린이보호
서울특별시 광진구 구의강변로 86 세양아파트 입구,37.53216,127.07904,1,어린이보호
서울특별시 광진구 구의강변로 96,37.54091,127.0674,1,어린이보호
"서울특별시 광진구 구의강변로3가길 24 (구의동, 동서울빌라)",37.53661,127.06337,1,어린이보호
서울특별시 광진구 구의강변로3길 19 (구의동),37.56364,127.07826,1,어린이보호
서울특별시 광진구 구의로4길 15 (구의동),37.53339,127.06856,1,어린이보호
서울특별시 광진구 군자로 127 세종대 기숙사 코너,37.54107,127.09614,1,어린이보호
서울특별시 광진구 군자로 142,37.5582,127.09157,1,어린이보호
서울특별시 광진구 군자로 18 (화양동),37.53428,127.07163,1,어린이보호
서울특별시 광진구 군자로 27 (화양동),37.55284,127.09924,1,어린이보호
서울특별시 광진구 군자로 70 화양슈퍼 코너,37.54784,127.10198,1,어린이보호
서울특별시 광진구 군자로 74 (군자동),37.53031,127.07622,1,어린이보호
서울특별시 광진구 군자로12길 45 (군자동),37.54674,127.09056,1,어린이보호
서울특별시 광진구 긴고랑로 136 (중곡동),37.55369,127.08339,1,어린이보호
서울특별시 광진구 긴고랑로 152 (중곡동),37.55275,127.0837,1,어린이보호
서울특별시 광진구 긴고랑로 51 (중곡동),37.56144,127.07938,1,어린이보호
서울특별시 광진구 긴고랑로13길 10 (중곡동),37.5585,127.08545,1,어린이보호
"서울특별시 광진구 긴고랑로7길 60 (중곡동, 주원그린빌)",37.55751,127.08257,1,어린이보호
서울특별시 광진구 능동로 145 (화양동),37.54245,127.10148,1,어린이보호
서울특별시 광진구 능동로 209 (군자동),37.54588,127.1036,1,어린이보호
서울특별시 광진구 능동로 42 (자양동),37.5402,127.08916,1,어린이보호
서울특별시 광진구 능동로 42 신양초교 후문입구,37.53917,127.08759,1,어린이보호
서울특별시 광진구 능동로13길 15 (화양동),37.53917,127.0843,1,어린이보호
서울특별시 광진구 능동로49길 9 (중곡동),37.55719,127.07504,1,어린이보호
서울특별시 광진구 능동로4길 88 (자양동),37.55419,127.07582,1,어린이보호
"서울특별시 광진구 능동로53길 13 (중곡동, 정인주택)",37.55244,127.07497,1,어린이보호
서울특별시 광진구 능동로5길 17 (자양동),37.55323,127.08057,1,어린이보호
서울특별시 광진구 긴고랑로 12길 40 (중곡동),37.55473,127.08385,1,생활방범
서울특별시 광진구 긴고랑로 185-2 (중곡동),37.55297,127.08556,1,생활방범
서울특별시 광진구 긴고랑로 19 (중곡동),37.55273,127.08576,1,생활방범
서울특별시 광진구 긴고랑로 26길 23 (중곡동),37.5521,127.08766,1,생활방범
서울특별시 광진구 긴고랑로 36길 5 (중곡동),37.55411,127.07857,1,생활방범
서울특별시 광진구 긴고랑로 36길57 (중곡동),37.552,127.07819,1,생활방범
서울특별시 광진구 긴고랑로 39길 54,37.55523,127.07917,1,생활방범
서울특별시 광진구 긴고랑로 44길 26-12,37.55322,127.07943,1,생활방범
서울특별시 광진구 아차산로46길 23 (자양동),37.53399,127.06503,1,생활방범
서울특별시 광진구 아차산로49길 32 (구의동),37.56121,127.07988,1,생활방범
서울특별시 광진구 아차산로49길 50 (구의동),37.55859,127.08245,1,생활방범
서울특별시 광진구 아차산로49길 70 (구의동),37.55657,127.09368,1,생활방범
서울특별시 광진구 아차산로51길 23 (구의동),37.55475,127.08082,1,생활방범
서울특별시 광진구 아차산로53길 29 (구의동),37.53302,127.08695,1,생활방범
서울특별시 광진구 아차산로53길 38-12 (구의동),37.53212,127.07343,1,생활방범
서울특별시 광진구 아차산로53길 53 (구의동),37.53364,127.06659,1,생활방범
서울특별시 광진구 아차산로53길 62-14,37.54237,127.08508,1,생활방범
서울특별시 광진구 아차산로53길 77 (구의동),37.5509,127.09435,1,생활방범
서울특별시 광진구 아차산로55길 23 (구의동),37.54216,127.09093,1,생활방범
서울특별시 광진구 아차산로55길 81 (구의동),37.56721,127.08896,1,생활방범
서울특별시 광진구 아차산로57길 14 (구의동),37.56727,127.08839,1,생활방범
서울특별시 광진구 아차산로57길 41 (구의동),37.56726,127.08796,1,생활방범
서울특별시 광진구 아차산로58가길15,37.56687,127.08788,1,생활방범
서울특별시 광진구 아차산로58길 77 (구의동),37.56076,127.08405,1,생활방범
서울특별시 광진구 아차산로59길 13 (구의동),37.56843,127.0811,1,생활방범
서울특별시 광진구 아차산로59길 21-13 (구의동),37.55708,127.09127,1,생활방범
서울특별시 광진구 아차산로59길 49 (구의동),37.56027,127.0897,1,생활방범
서울특별시 광진구 아차산로60길 13-13 (구의동),37.55869,127.08901,1,생활방범
서울특별시 광진구 아차산로60길 13-8,37.5501,127.10234,1,생활방범
서울특별시 광진구 아차산로62길 14-2 (구의동),37.53443,127.08289,1,생활방범
서울특별시 광진구 아차산로63길 37 (구의동),37.5325,127.07343,1,생활방범
서울특별시 광진구 아차산로65길 14 (구의동),37.53869,127.06384,1,생활방범
서울특별시 광진구 아차산로65길 57 (구의동),37.54155,127.08951,1,생활방범
서울특별시 광진구 아차산로66길 8 (광장동),37.55134,127.09318,1,생활방범
서울특별시 광진구 아차산로69길 36 (광장동),37.54759,127.06881,1,생활방범
서울특별시 광진구 아차산로70 17-16,37.55508,127.07454,1,생활방범
서울특별시 광진구 아차산로70길 17-16 (과장동),37.56225,127.08447,1,생활방범
서울특별시 광진구 아차산로70길 62,37.53532,127.0806,1,생활방범
서울특별시 광진구 아차산로73길 15 (광장동),37.55044,127.09312,1,생활방범
서울특별시 광진구 아차산로78길 176 (광장동),37.56284,127.08033,1,생활방범
서울특별시 광진구 아차산로78길 53 (광장동),37.55826,127.087,1,생활방범
서울특별시 광진구 아차산생태공원-고구려정1,37.55803,127.08087,1,생활방범
서울특별시 광진구 아차산생태공원-고구려정2,37.55934,127.08502,1,생활방범
서울특별시 광진구 아차산생태공원-공영주차,37.56877,127.08213,1,생활방범
서울특별시 광진구 아차산생태공원-공원입구,37.56667,127.08319,1,생활방범
서울특별시 광진구 답십리로78길 11 (중곡동),37.55314,127.08637,1,어린이보호
서울특별시 광진구 동일로 222 (군자동),37.53637,127.08197,1,어린이보호
서울특별시 광진구 동일로 399 (중곡동),37.53386,127.08295,1,어린이보호
서울특별시 광진구 동일로 452-1 (중곡동),37.53239,127.08237,1,어린이보호
서울특별시 광진구 동일로 462 (중곡동),37.53993,127.08226,1,어린이보호
서울특별시 광진구 동일로4가길 2 (자양동),37.53369,127.07141,1,어린이보호
서울특별시 광진구 동일로4길 51 (자양동),37.53186,127.07446,1,어린이보호
"서울특별시 광진구 동일로52길 10 (군자동, 파인하우스)",37.53655,127.0652,1,어린이보호
서울특별시 광진구 천호대로107길 22 (중곡동),37.56711,127.08967,1,생활방범
서울특별시 광진구 천호대로107길 40,37.56539,127.08845,1,생활방범
서울특별시 광진구 천호대로107길 8 (중곡동),37.56524,127.08701,1,생활방범
서울특별시 광진구 천호대로109길 53 (중곡동),37.56877,127.08683,1,생활방범
서울특별시 광진구 천호대로110길 122 (능동),37.55866,127.09168,1,생활방범
서울특별시 광진구 천호대로110길 34 (능동),37.55745,127.08875,1,생활방범
서울특별시 광진구 천호대로110길 8,37.57009,127.08178,1,생활방범
서울특별시 광진구 천호대로110길 87 (능동),37.56742,127.08861,1,생활방범
서울특별시 광진구 천호대로111길 9,37.54502,127.07125,1,생활방범
서울특별시 광진구 천호대로112길 10 (능동),37.54312,127.08136,1,생활방범
서울특별시 광진구 천호대로112길 25 (능동),37.54285,127.071,1,생활방범
서울특별시 광진구 천호대로112길 53,37.54568,127.07066,1,생활방범
서울특별시 광진구 천호대로112길 60,37.5454,127.07905,1,생활방범
서울특별시 광진구 천호대로116길 26 (능동),37.54686,127.09175,1,생활방범
서울특별시 광진구 천호대로116길 36,37.53182,127.0841,1,생활방범
서울특별시 광진구 천호대로116길 66 (능동),37.53574,127.08941,1,생활방범
서울특별시 광진구 천호대로116길 88 (능동),37.53443,127.09112,1,생활방범
서울특별시 광진구 천호대로116길 97,37.5363,127.07971,1,생활방범
서울특별시 광진구 천호대로118길 16 (능동),37.54692,127.08704,1,생활방범
서울특별시 광진구 천호대로118길 33-17,37.5438,127.0838,1,생활방범
서울특별시 광진구 천호대로118길 36 (능동),37.53037,127.09051,1,생활방범
서울특별시 광진구 천호대로119길 16,37.55548,127.08904,1,생활방범
서울특별시 광진구 천호대로119길 89 (중곡동),37.54999,127.08958,1,생활방범
서울특별시 광진구 천호대로120길 21 (능동),37.54909,127.06955,1,생활방범
서울특별시 광진구 천호대로120길 21 (능동),37.55422,127.07518,1,생활방범
서울특별시 광진구 천호대로121길 39 (중곡동),37.53911,127.09407,1,생활방범
서울특별시 광진구 천호대로121길 6 (중곡동),37.55705,127.07915,1,생활방범
서울특별시 광진구 천호대로122길 33,37.55216,127.08991,1,생활방범
서울특별시 광진구 천호대로122길 33 (능동),37.53087,127.08644,1,생활방범
서울특별시 광진구 천호대로123길83-13,37.53215,127.06723,1,생활방범
서울특별시 광진구 천호대로124길 62 (능동),37.54007,127.07097,1,생활방범
서울특별시 광진구 천호대로124길 86 (능동),37.54007,127.07097,1,생활방범
서울특별시 광진구 천호대로125길 35-17 (중곡동),37.53715,127.08542,1,생활방범
서울특별시 광진구 천호대로125길 58,37.54785,127.07434,1,생활방범
서울특별시 광진구 천호대로132길 27-7 (구의동),37.53746,127.08675,1,생활방범
서울특별시 광진구 천호대로134길 31 (구의동),37.54754,127.07398,1,생활방범
서울특별시 광진구 천호대로134길 55 (구의동),37.53646,127.08386,1,생활방범
서울특별시 광진구 긴고랑로12길 12 (중곡동),37.55707,127.08732,1,생활방범
서울특별시 광진구 긴고랑로14길 33 (중곡동),37.56675,127.07985,1,생활방범
서울특별시 광진구 긴고랑로14길 63 (중곡동),37.5661,127.08194,1,생활방범
서울특별시 광진구 긴고랑로14길 8 (중곡동),37.56598,127.08306,1,생활방범
서울특별시 광진구 긴고랑로15길 15 (중곡동),37.5657,127.08243,1,생활방범
서울특별시 광진구 긴고랑로16길 50 (중곡동),37.56663,127.08544,1,생활방범
서울특별시 광진구 긴고랑로16길 9-9 (중곡동),37.55947,127.09138,1,생활방범
서울특별시 광진구 긴고랑로17길11 (중곡동),37.55894,127.09439,1,생활방범
서울특별시 광진구 긴고랑로19길 34-4 (중곡동),37.57043,127.08789,1,생활방범
서울특별시 광진구 긴고랑로1길 11 (중곡동),37.57083,127.08751,1,생활방범
서울특별시 광진구 긴고랑로20길 28,37.56191,127.09557,1,생활방범
서울특별시 광진구 긴고랑로26길 7-1 (중곡동),37.56105,127.09503,1,생활방범
서울특별시 광진구 긴고랑로26길23,37.55872,127.09341,1,생활방범
서울특별시 광진구 긴고랑로27길 26 (중곡동),37.5588,127.09411,1,생활방범
서울특별시 광진구 긴고랑로29길 47 (중곡동),37.54255,127.06936,1,생활방범
서울특별시 광진구 긴고랑로30길34,37.5488,127.09141,1,생활방범
서울특별시 광진구 긴고랑로31길 28 (중곡동),37.5472,127.08953,1,생활방범
서울특별시 광진구 긴고랑로38,37.53694,127.07895,1,생활방범
서울특별시 광진구 긴고랑로38길 14 (중곡동),37.55753,127.0856,1,생활방범
서울특별시 광진구 긴고랑로3길 19-2 (중곡동),37.56702,127.07893,1,생활방범
서울특별시 광진구 긴고랑로42길 3-15,37.54107,127.10331,1,생활방범
서울특별시 광진구 긴고랑로42길 3-28,37.5413,127.08876,1,생활방범
서울특별시 광진구 긴고랑로42길 3-8,37.54359,127.08269,1,생활방범
서울특별시 광진구 긴고랑로44길 42 (중곡동),37.54236,127.09359,1,생활방범
서울특별시 광진구 긴고랑로46가길 36 (중곡동),37.55414,127.08213,1,생활방범
서울특별시 광진구 긴고랑로46길 11,37.53361,127.08279,1,생활방범
서울특별시 광진구 긴고랑로46길 11 (화양동),37.5316,127.07933,1,생활방범
서울특별시 광진구 긴고랑로47길 19,37.53219,127.07011,1,생활방범
서울특별시 광진구 긴고랑로49길 27,37.55751,127.08105,1,생활방범
서울특별시 광진구 긴고랑로5길 10 (중곡동),37.54918,127.08834,1,생활방범
서울특별시 광진구 긴고랑로5길 10 (중곡동),37.53922,127.09526,1,생활방범
서울특별시 광진구 긴고랑로5길 11 (중곡동),37.5525,127.08601,1,생활방범
서울특별시 광진구 긴고랑로6길 9 (중곡동),37.52987,127.07849,1,생활방범
서울특별시 광진구 긴고랑로7길 101,37.5309,127.08266,1,생활방범
서울특별시 광진구 긴고랑로7길 11 (중곡동),37.53523,127.06864,1,생활방범
서울특별시 광진구 긴고랑로7길 69 (중곡동),37.56545,127.08014,1,생활방범
서울특별시 광진구 긴고랑로8길 60 (중곡동),37.56534,127.08795,1,생활방범
서울특별시 광진구 아차산생태공원-다목적,37.56394,127.08526,1,생활방범
서울특별시 광진구 아차산생태공원-사무실,37.56942,127.08318,1,생활방범
서울특별시 광진구 아차산생태공원-상록천,37.56923,127.08241,1,생활방범
서울특별시 광진구 아차산생태공원-생태자료,37.57024,127.08383,1,생활방범
서울특별시 광진구 아차산생태공원-소각장,37.56826,127.08799,1,생활방범
서울특별시 광진구 아차산생태공원-습지,37.55367,127.08984,1,생활방범
서울특별시 광진구 아차산생태공원-토요,37.56269,127.08773,1,생활방범
서울특별시 광진구 아차산생태공원-해맞이공원,37.56016,127.09054,1,생활방범
서울특별시 광진구 약초원소공원,37.55352,127.08018,1,생활방범
서울특별시 광진구 영화사로 107,37.54591,127.08591,1,생활방범
서울특별시 광진구 영화사로 11길 39,37.54552,127.10227,1,생활방범
서울특별시 광진구 영화사로 139,37.55119,127.1107,1,생활방범
서울특별시 광진구 영화사로 16,37.55678,127.07822,1,생활방범
서울특별시 광진구 영화사로 51 (중곡동),37.55653,127.07284,1,생활방범
서울특별시 광진구 영화사로107,37.54438,127.08803,1,생활방범
서울특별시 광진구 영화사로11길 22 (구의동),37.54028,127.08616,1,생활방범
서울특별시 광진구 영화사로139 (인근),37.53877,127.08924,1,생활방범
서울특별시 광진구 영화사로139 (인근),37.5378,127.08702,1,생활방범
서울특별시 광진구 영화사로13길21,37.54186,127.09122,1,생활방범
서울특별시 광진구 영화사로15길 25,37.53591,127.09037,1,생활방범
서울특별시 광진구 영화사로16가길 21 (구의동),37.5337,127.07868,1,생활방범
서울특별시 광진구 영화사로16길 19 (구의동),37.53272,127.07929,1,생활방범
서울특별시 광진구 영화사로16나길 21 (구의동),37.53228,127.08503,1,생활방범
서울특별시 광진구 영화사로3가길 25 (중곡동),37.53891,127.08242,1,생활방범
서울특별시 광진구 영화사로3가길 9 (중곡동),37.53457,127.08329,1,생활방범
서울특별시 광진구 영화사로3나길 28,37.53205,127.08728,1,생활방범
서울특별시 광진구 영화사로5길 25 (중곡동),37.52923,127.07838,1,생활방범
서울특별시 광진구 영화사로7길 24 (중곡동),37.53318,127.08758,1,생활방범
서울특별시 광진구 영화사로7길 25 (중곡동),37.52896,127.07979,1,생활방범
서울특별시 광진구 영화사로7길 25 (중곡동),37.53059,127.07413,1,생활방범
서울특별시 광진구 영화사로9가길 39-15 (중곡동),37.53552,127.07637,1,생활방범
서울특별시 광진구 영화사로9가길 61 (중곡동),37.53306,127.06439,1,생활방범
서울특별시 광진구 영화사로9길 10 (중곡동),37.53611,127.06595,1,생활방범
서울특별시 광진구 영화사로9길 70-12 (중곡동),37.54018,127.06486,1,생활방범
서울특별시 광진구 용마도시자연공원-마지막골,37.5413,127.06451,1,생활방범
서울특별시 광진구 용마도시자연공원-사무실,37.53217,127.06512,1,생활방범
서울특별시 광진구 용마도시자연공원-사방댐,37.54464,127.06862,1,생활방범
서울특별시 광진구 긴고랑로8길 90 (중곡동),37.53611,127.07357,1,생활방범
서울특별시 광진구 긴고랑로9길 46 (중곡동),37.53058,127.07502,1,생활방범
서울특별시 광진구 능동로 13길 39,37.54851,127.10301,1,생활방범
서울특별시 광진구 능동로 16길 14,37.55145,127.10984,1,생활방범
서울특별시 광진구 능동로 17길 6,37.54892,127.10899,1,생활방범
서울특별시 광진구 능동로 21길 14-10,37.5508,127.10134,1,생활방범
서울특별시 광진구 능동로 237,37.54877,127.10184,1,생활방범
서울특별시 광진구 능동로 25-1 (자양동),37.54127,127.09892,1,생활방범
서울특별시 광진구 능동로 25길 48,37.53939,127.08896,1,생활방범
서울특별시 광진구 능동로 267-14,37.53915,127.08832,1,생활방범
서울특별시 광진구 능동로 32길 35 (능동),37.54399,127.09044,1,생활방범
서울특별시 광진구 능동로 386-16,37.5437,127.08877,1,생활방범
서울특별시 광진구 능동로 3길 20 (자양동),37.54341,127.08724,1,생활방범
서울특별시 광진구 능동로 411 (중곡동),37.54433,127.08661,1,생활방범
서울특별시 광진구 능동로 48길 36 (중곡동),37.54074,127.08609,1,생활방범
서울특별시 광진구 능동로 49 (자양동) 도로명 주소 X,37.54163,127.08669,1,생활방범
서울특별시 광진구 능동로103,37.53849,127.08439,1,생활방범
서울특별시 광진구 자양로23길 79,37.52969,127.08183,1,어린이보호
서울특별시 광진구 자양로23길 79,37.53127,127.0843,1,어린이보호
서울특별시 광진구 자양로40길 41 (구의동),37.54161,127.10095,1,어린이보호
서울특별시 광진구 자양로40길 53  (구의동),37.54206,127.10178,1,어린이보호
서울특별시 광진구 자양로41길 20,37.54346,127.09654,1,어린이보호
서울특별시 광진구 자양로43길 115,37.54019,127.1022,1,어린이보호
서울특별시 광진구 자양로4길 63,37.54274,127.09125,1,어린이보호
서울특별시 광진구 자양로50길 13 (구의동),37.53731,127.0912,1,어린이보호
"서울특별시 광진구 자양로50길 53 (구의동, 남광하이츠빌라)",37.53712,127.09294,1,어린이보호
"서울특별시 광진구 자양로50길 79 (구의동, 유진아트빌라)",37.53399,127.09152,1,어린이보호
서울특별시 광진구 자양로52길 21-19 (구의동),37.55492,127.09585,1,어린이보호
서울특별시 광진구 자양로52길 3-9 (구의동),37.54922,127.09082,1,어린이보호
서울특별시 광진구 자양로5길 33 (자양동,37.55475,127.07158,1,어린이보호
서울특별시 광진구 자양로5길 33 (자양동,37.55369,127.07348,1,어린이보호
"서울특별시 광진구 자양로6길 40 (자양동, 대양샤인빌)",37.54972,127.07094,1,어린이보호
서울특별시 광진구 자양로6길 8 (자양동),37.55105,127.07163,1,어린이보호
서울특별시 광진구 자양번영로4길 42-22 (자양동),37.53184,127.08841,1,어린이보호
서울특별시 광진구 자양번영로6길 20 (자양동),37.53356,127.07303,1,어린이보호
서울특별시 광진구 천호대로 664 (능동),37.56348,127.0868,1,어린이보호
서울특별시 광진구 천호대로102길 36 (군자동),37.57058,127.08,1,어린이보호
서울특별시 광진구 천호대로111길 41 (중곡동),37.54404,127.06591,1,어린이보호
서울특별시 광진구 천호대로113길 50-4 (중곡동),37.54357,127.06564,1,어린이보호
서울특별시 광진구 천호대로114길 25 (능동),37.54249,127.06513,1,어린이보호
서울특별시 광진구 천호대로130길 26 (구의동),37.56644,127.08436,1,어린이보호
서울특별시 광진구 천호대로134길 2 (구의동),37.54019,127.06945,1,어린이보호
서울특별시 광진구 강변역로 50 (구의동),37.54414,127.09923,1,교통단속
서울특별시 광진구 강변역로 53 (구의동),37.54465,127.09933,1,교통단속
서울특별시 광진구 강변역로 53 (구의동),37.54577,127.10074,1,교통단속
서울특별시 광진구 강변역로4길 10 (구의동),37.54585,127.08846,1,교통단속
서울특별시 광진구 강변역로4길 56 (구의동),37.54905,127.10741,1,교통단속
서울특별시 광진구 광나루로 375-1,37.56303,127.09659,1,교통단속
서울특별시 광진구 능동로13길 39 (화양동),37.54426,127.08401,1,생활방범
서울특별시 광진구 능동로13길 88 (화양동),37.53854,127.08651,1,생활방범
서울특별시 광진구 능동로15길 11 (화양동),37.53973,127.08566,1,생활방범
서울특별시 광진구 능동로24길 23,37.53916,127.0861,1,생활방범
서울특별시 광진구 능동로24길 41 (능동),37.54424,127.08248,1,생활방범
서울특별시 광진구 능동로24길 76 (능동),37.55165,127.09555,1,생활방범
서울특별시 광진구 능동로24길60-84길,37.5498,127.09499,1,생활방범
서울특별시 광진구 능동로25길 22 (군자동),37.55179,127.0914,1,생활방범
서울특별시 광진구 능동로26길 23 (능동),37.54565,127.08722,1,생활방범
서울특별시 광진구 능동로27길 33 (군자동),37.54772,127.08727,1,생활방범
서울특별시 광진구 능동로27길 9 (군자동),37.55365,127.09287,1,생활방범
서울특별시 광진구 능동로27길 9 (군자동),37.55363,127.09559,1,생활방범
서울특별시 광진구 능동로27길 9 (군자동),37.55418,127.09336,1,생활방범
서울특별시 광진구 능동로27나길 17 (군자동),37.55388,127.09459,1,생활방범
서울특별시 광진구 능동로29가길 24 (군자동),37.55387,127.09344,1,생활방범
서울특별시 광진구 능동로30길 23 (능동),37.55455,127.09595,1,생활방범
서울특별시 광진구 능동로30길 23 (능동),37.55325,127.09607,1,생활방범
서울특별시 광진구 능동로30길 38,37.55307,127.09405,1,생활방범
서울특별시 광진구 능동로30길 8,37.55132,127.09656,1,생활방범
서울특별시 광진구 능동로31길 12-15 (군자동),37.5509,127.09596,1,생활방범
서울특별시 광진구 능동로32길 102 (능동) 도로명 주소  X,37.55158,127.09457,1,생활방범
서울특별시 광진구 용마도시자연공원-산불장비,37.54593,127.06949,1,생활방범
서울특별시 광진구 용마도시자연공원-쌍용골,37.54393,127.06688,1,생활방범
서울특별시 광진구 용마도시자연공원-유화교,37.54656,127.0674,1,생활방범
서울특별시 광진구 용마도시자연공원-입구,37.54684,127.06837,1,생활방범
서울특별시 광진구 용마도시자연공원-청용골,37.54484,127.07388,1,생활방범
서울특별시 광진구 용마도시자연공원-체험장,37.56752,127.08138,1,생활방범
서울특별시 광진구 용마도시자연공원-화장실 뒤,37.55538,127.08618,1,생활방범
서울특별시 광진구 용마사로30길 37,37.56976,127.0854,1,생활방범
서울특별시 광진구 용마산로 134 (중곡동),37.55605,127.09513,1,생활방범
서울특별시 광진구 용마산로 160,37.54899,127.10557,1,생활방범
서울특별시 광진구 용마산로 183,37.55537,127.07462,1,생활방범
서울특별시 광진구 용마산로 33길 9-7,37.55053,127.06923,1,생활방범
서울특별시 광진구 용마산로1길 22 (중곡동),37.54897,127.0733,1,생활방범
서울특별시 광진구 용마산로1길 91 (중곡동),37.5448,127.06951,1,생활방범
서울특별시 광진구 용마산로20길9-1,37.54333,127.0704,1,생활방범
서울특별시 광진구 용마산로21길 23,37.54634,127.06813,1,생활방범
서울특별시 광진구 용마산로21길 65 (중곡동),37.53894,127.07569,1,생활방범
서울특별시 광진구 용마산로21길 77 (중곡동),37.5504,127.10976,1,생활방범
서울특별시 광진구 용마산로22길 10-10 (중곡동),37.54628,127.10468,1,생활방범
서울특별시 광진구 용마산로22길 19-19,37.55311,127.07472,1,생활방범
서울특별시 광진구 용마산로22길 26,37.54532,127.06669,1,생활방범
서울특별시 광진구 용마산로22길 5-8,37.5608,127.07663,1,생활방범
서울특별시 광진구 용마산로22길 76,37.55914,127.08591,1,생활방범
서울특별시 광진구 용마산로22길 82 (중곡동),37.56359,127.08772,1,생활방범
서울특별시 광진구 광나루로 529 (구의동),37.55304,127.09979,1,교통단속
서울특별시 광진구 광나루로30길,37.55536,127.0985,1,교통단속
서울특별시 광진구 광나루로56길 86 (구의동),37.55262,127.10374,1,교통단속
서울특별시 광진구 광나루로619,37.55384,127.10406,1,교통단속
서울특별시 광진구 광장로1길 19,37.5567,127.09571,1,교통단속
서울특별시 광진구 구의강변로 11,37.55117,127.0712,1,교통단속
서울특별시 광진구 구의강변로 45 (구의동),37.55857,127.07547,1,교통단속
서울특별시 광진구 구의강변로 69 구남초교 정문 앞,37.55458,127.0857,1,교통단속
서울특별시 광진구 구의동 611 (구의),37.55771,127.08805,1,교통단속
서울특별시 광진구 군자로 88 (군자동),37.54429,127.10025,1,교통단속
서울특별시 광진구 긴고랑로 18 (중곡동),37.55362,127.08653,1,교통단속
서울특별시 광진구 긴고랑로13길 69 (중곡동),37.56371,127.0859,1,교통단속
서울특별시 광진구 긴고랑로4길 30 (중곡동) 도로명 주소 X,37.54676,127.07204,1,교통단속
서울특별시 광진구 긴고랑로9길 40 (중곡동),37.53435,127.06897,1,교통단속
서울특별시 광진구 능동로 109 (화양동),37.54748,127.10796,1,교통단속
서울특별시 광진구 능동로 110 (화양동),37.56314,127.10079,1,교통단속
서울특별시 광진구 능동로 125 (화양동),37.56824,127.08921,1,교통단속
서울특별시 광진구 능동로 209(군자동),37.54657,127.10345,1,교통단속
서울특별시 광진구 능동로 216 (능동),37.54803,127.10807,1,교통단속
서울특별시 광진구 능동로 248 (능동),37.54544,127.0978,1,교통단속
서울특별시 광진구 능동로 295 (군자동),37.541,127.08901,1,교통단속
서울특별시 광진구 능동로 324-1 (중곡동),37.54404,127.08945,1,교통단속
서울특별시 광진구 능동로 368,37.54349,127.08963,1,교통단속
서울특별시 광진구 능동로 385 (중곡동),37.54372,127.08808,1,교통단속
서울특별시 광진구 능동로 433 (중곡동),37.53908,127.08681,1,교통단속
서울특별시 광진구 능동로 81,37.54218,127.08584,1,교통단속
서울특별시 광진구 능동로 87,37.54182,127.08489,1,교통단속
서울특별시 광진구 능동로4길 17,37.55612,127.07659,1,교통단속
서울특별시 광진구 능동로51길 37-1 (중곡동),37.55573,127.07792,1,교통단속
서울특별시 광진구 능동로69,37.55573,127.08113,1,교통단속
서울특별시 광진구 동일로 341 (중곡동),37.53261,127.07982,1,교통단속
서울특별시 광진구 뚝섬로 41길 33,37.56225,127.08147,1,교통단속
서울특별시 광진구 동일로52길 27 (군자동),37.53478,127.06492,1,어린이보호
"서울특별시 광진구 동일로72길 17 (중곡동, 중곡아파트)",37.53892,127.06261,1,어린이보호
서울특별시 광진구 동일로72길 23-5 (중곡동),37.53768,127.06798,1,어린이보호
서울특별시 광진구 동일로72길 34 (중곡동),37.53472,127.06714,1,어린이보호
서울특별시 광진구 동일로72길 34 (중곡동),37.53644,127.06746,1,어린이보호
서울특별시 광진구 동일로80길 13 (중곡동),37.56471,127.07751,1,어린이보호
서울특별시 광진구 동일로80길 24 (중곡동),37.56406,127.07938,1,어린이보호
서울특별시 광진구 동일로80길 34 (중곡동),37.56456,127.07801,1,어린이보호
서울특별시 광진구 뚝섬로 476 (자양동),37.562,127.07905,1,어린이보호
서울특별시 광진구 뚝섬로 52길,37.56433,127.07629,1,어린이보호
서울특별시 광진구 뚝섬로 561 (자양동),37.55967,127.07701,1,어린이보호
서울특별시 광진구 뚝섬로 585 (자양동),37.55938,127.07611,1,어린이보호
서울특별시 광진구 뚝섬로 656 성자초교앞 사거리,37.55888,127.0789,1,어린이보호
서울특별시 광진구 뚝섬로 741 (구의동),37.56339,127.08135,1,어린이보호
서울특별시 광진구 용마산로22길 82 (중곡동),37.55255,127.08015,1,생활방범
서울특별시 광진구 용마산로22길 82 (중곡동),37.55079,127.0702,1,생활방범
서울특별시 광진구 용마산로22길 82 (중곡동),37.55443,127.07352,1,생활방범
서울특별시 광진구 용마산로22길9,37.54638,127.10154,1,생활방범
서울특별시 광진구 용마산로27길 10 (중곡동),37.54801,127.10693,1,생활방범
서울특별시 광진구 용마산로27길 28,37.5571,127.0937,1,생활방범
서울특별시 광진구 용마산로28길 24 (중곡동),37.56865,127.08809,1,생활방범
서울특별시 광진구 용마산로28나길15,37.53566,127.07976,1,생활방범
서울특별시 광진구 용마산로29길 25 (중곡동),37.52959,127.08523,1,생활방범
서울특별시 광진구 용마산로2길 45 (중곡동),37.53635,127.06993,1,생활방범
서울특별시 광진구 용마산로30길 49 (중곡동),37.55105,127.07615,1,생활방범
서울특별시 광진구 용마산로30길 6 (중곡동),37.54915,127.07519,1,생활방범
서울특별시 광진구 용마산로31길 16 (중곡동),37.53924,127.07521,1,생활방범
서울특별시 광진구 능동로32길 106-13,37.55077,127.09369,1,생활방범
서울특별시 광진구 능동로32길 12,37.5529,127.0919,1,생활방범
서울특별시 광진구 능동로32길 139,37.55124,127.09107,1,생활방범
서울특별시 광진구 능동로32길 16-16 (능동),37.55551,127.09425,1,생활방범
서울특별시 광진구 능동로32길 16-16 (능동),37.55512,127.09509,1,생활방범
서울특별시 광진구 능동로32길 29 (능동),37.55013,127.09225,1,생활방범
서울특별시 광진구 능동로32길 82-26,37.54794,127.09166,1,생활방범
서울특별시 광진구 능동로32길 82-34 (능동),37.54812,127.08596,1,생활방범
서울특별시 광진구 능동로32길 82-53 (능동),37.54837,127.08698,1,생활방범
서울특별시 광진구 능동로34길 11-19,37.54785,127.08635,1,생활방범
서울특별시 광진구 능동로36길 12 (능동),37.54724,127.08859,1,생활방범
서울특별시 광진구 능동로36길 141,37.5465,127.0883,1,생활방범
서울특별시 광진구 능동로36길 186,37.54628,127.08755,1,생활방범
서울특별시 광진구 능동로36길 87,37.54384,127.09156,1,생활방범
서울특별시 광진구 능동로3가길 12 (자양동),37.54345,127.09261,1,생활방범
서울특별시 광진구 능동로3길 61-8,37.54128,127.09472,1,생활방범
서울특별시 광진구 능동로3길 61-8 (자양동),37.54098,127.09415,1,생활방범
서울특별시 광진구 능동로3나길 10,37.54072,127.09225,1,생활방범
서울특별시 광진구 능동로3다길 4 (자양동),37.54151,127.09105,1,생활방범
서울특별시 광진구 능동로3라길 16 (자양동),37.54132,127.09217,1,생활방범
서울특별시 광진구 능동로40길13,37.54046,127.09165,1,생활방범
서울특별시 광진구 능동로43길 37-16,37.5411,127.09276,1,생활방범
서울특별시 광진구 능동로43길 38 (중곡동),37.54043,127.09326,1,생활방범
서울특별시 광진구 능동로44길 13 (중곡동),37.53831,127.09238,1,생활방범
서울특별시 광진구 능동로46길 28 (중곡동),37.53934,127.09151,1,생활방범
서울특별시 광진구 능동로47길 35 (중곡동),37.53974,127.09008,1,생활방범
서울특별시 광진구 능동로47길 35 (중곡동),37.54084,127.09014,1,생활방범
서울특별시 광진구 능동로47길 35 (중곡동),37.54293,127.09032,1,생활방범
서울특별시 광진구 능동로48가길 36 (중곡동),37.53949,127.09071,1,생활방범
서울특별시 광진구 능동로48길 59 (중곡동),37.53547,127.09063,1,생활방범
서울특별시 광진구 능동로4길 13 (자양동),37.55672,127.0761,1,생활방범
서울특별시 광진구 능동로50길 31-9,37.553,127.07588,1,생활방범
서울특별시 광진구 능동로50길 8 (중곡동),37.55537,127.07254,1,생활방범
서울특별시 광진구 뚝섬로23길 44 (자양동),37.55632,127.08729,1,어린이보호
서울특별시 광진구 뚝섬로35길 16-20 (자양동),37.56912,127.08426,1,어린이보호
서울특별시 광진구 뚝섬로40길 12 (자양동),37.56954,127.08377,1,어린이보호
서울특별시 광진구 뚝섬로46길 74 (자양동),37.56818,127.08056,1,어린이보호
서울특별시 광진구 뚝섬로58길 13 노인보호센터 앞,37.56869,127.08367,1,어린이보호
"서울특별시 광진구 뚝섬로62길 33-8 (자양동, 목화맨션)",37.54148,127.06832,1,어린이보호
"서울특별시 광진구 뚝섬로62길 47 (자양동, 효성맨션)",37.54578,127.0761,1,어린이보호
서울특별시 광진구 뚝섬로64길 45 (자양동),37.54542,127.0773,1,어린이보호
서울특별시 광진구 뚝섬로64길 71 (자양동),37.55987,127.08173,1,어린이보호
서울특별시 광진구 면목로 20 (군자동),37.53441,127.07796,1,어린이보호
서울특별시 광진구 아차산로 191 (화양동),37.53295,127.07052,1,어린이보호
서울특별시 광진구 아차산로 326 (자양동),37.54823,127.10507,1,어린이보호
서울특별시 광진구 아차산로 344 (자양동),37.54877,127.10538,1,어린이보호
서울특별시 광진구 아차산로 426 (구의동),37.54012,127.09531,1,어린이보호
서울특별시 광진구 아차산로 435 강변SK뷰 교통섬,37.5424,127.09236,1,어린이보호
서울특별시 광진구 아차산로 44가길 5,37.53583,127.09161,1,어린이보호
"서울특별시 광진구 아차산로 503-23 (광장동 ), 워커힐로 13 건너편",37.5366,127.09031,1,어린이보호
"서울특별시 광진구 아차산로 503-23 (광장동, 청구아파트)",37.55446,127.07244,1,어린이보호
서울특별시 광진구 아차산로 511 (광장동),37.55356,127.07186,1,어린이보호
서울특별시 광진구 아차산로21길 15 (화양동),37.52878,127.08289,1,어린이보호
서울특별시 광진구 아차산로21길 47 (화양동),37.53055,127.08915,1,어린이보호
서울특별시 광진구 아차산로44길 36 (자양동),37.55478,127.09139,1,어린이보호
서울특별시 광진구 아차산로58길 51 (구의동),37.56059,127.07591,1,어린이보호
서울특별시 광진구 뚝섬로 467,37.56226,127.08069,1,교통단속
서울특별시 광진구 뚝섬로 472 (자양동),37.56178,127.07971,1,교통단속
서울특별시 광진구 뚝섬로 558,37.55262,127.09028,1,교통단속
서울특별시 광진구 뚝섬로 626 (자양동),37.56021,127.07955,1,교통단속
서울특별시 광진구 뚝섬로 666,37.55841,127.07855,1,교통단속
서울특별시 광진구 뚝섬로31길51,37.56086,127.0823,1,교통단속
서울특별시 광진구 뚝섬로46길 64 (자양동),37.56925,127.08063,1,교통단속
서울특별시 광진구 면목로 127,37.53983,127.08642,1,교통단속
서울특별시 광진구 면목로 53 (중곡동),37.53258,127.07256,1,교통단속
서울특별시 광진구 면목로178,37.56831,127.0863,1,교통단속
서울특별시 광진구 아차산로 218 (자양동),37.53461,127.06287,1,교통단속
서울특별시 광진구 아차산로 219,37.53445,127.06806,1,교통단속
서울특별시 광진구 아차산로 537-17 (광장동),37.55602,127.07322,1,교통단속
서울특별시 광진구 아차산로 553 (광장동),37.54989,127.06971,1,교통단속
서울특별시 광진구 아차산로 612,37.53642,127.07815,1,교통단속
서울특별시 광진구 아차산로70길 35 (광장동),37.55118,127.10051,1,교통단속
서울특별시 광진구 영화사로 111,37.54866,127.10496,1,교통단속
서울특별시 광진구 영화사로 97,37.53736,127.08388,1,교통단속
서울특별시 광진구 영화사로3길 35,37.53527,127.08296,1,교통단속
서울특별시 광진구 용마산로 134,37.54783,127.08807,1,교통단속
서울특별시 광진구 용마산로 44 (중곡동),37.54887,127.07189,1,교통단속
서울특별시 광진구 자양로 116,37.55436,127.18708,1,교통단속
서울특별시 광진구 자양로 185,37.54873,127.0864,1,교통단속
서울특별시 광진구 능동로51길 19-8,37.55392,127.07103,1,생활방범
서울특별시 광진구 능동로51길 25-12,37.55407,127.07363,1,생활방범
서울특별시 광진구 능동로51길 37-10,37.55385,127.07683,1,생활방범
서울특별시 광진구 능동로53길 24-9 (중곡동),37.55047,127.07054,1,생활방범
서울특별시 광진구 능동로53길 30-12 (중곡동),37.54839,127.0727,1,생활방범
서울특별시 광진구 자양로 216 (구의동),37.53082,127.08158,1,교통단속
서울특별시 광진구 자양로 40길 41,37.55134,127.07181,1,교통단속
서울특별시 광진구 자양로 45 (자양동),37.56552,127.08113,1,교통단속
서울특별시 광진구 자양로 81,37.53622,127.08391,1,교통단속
서울특별시 광진구 자양로38길 55 (구의동),37.55553,127.08985,1,교통단속
"서울특별시 광진구 자양로42길 53 (구의동, 광진로얄빌라)",37.54216,127.09822,1,교통단속
서울특별시 광진구 천호대로 113길 7,37.53667,127.06323,1,교통단속
서울특별시 광진구 천호대로 512 (군자동),37.52938,127.07593,1,교통단속
서울특별시 광진구 천호대로 616 (능동),37.56446,127.08274,1,교통단속
서울특별시 광진구 천호대로 655 (중곡동),37.55985,127.08382,1,교통단속
서울특별시 광진구 천호대로 665-2,37.5576,127.08655,1,교통단속
서울특별시 광진구 천호대로113길 10,37.54363,127.07223,1,교통단속
서울특별시 광진구 천호대로140길 40 (광장동),37.53673,127.08336,1,교통단속
서울특별시 광진구  능동로 90,37.54814,127.1006,1,기타
서울특별시 광진구 아차산로 563,37.54953,127.06884,1,기타
서울특별시 광진구 아차산로69길 29 (광장동),37.54214,127.06739,1,어린이보호
서울특별시 광진구 아차산로70길 35 (광장동),37.53834,127.08745,1,어린이보호
"서울특별시 광진구 아차산로70길 61 (광장동), 아차산로70길 17-62 광남중",37.56865,127.08283,1,어린이보호
"서울특별시 광진구 아차산로70길 61 (광장동, 광장현대아파트)",37.54116,127.06919,1,어린이보호
서울특별시 광진구 아차산로70길 62 (광장동),37.56022,127.09479,1,어린이보호
서울특별시 광진구 아차산로73길 48 (광장동),37.53071,127.08721,1,어린이보호
서울특별시 광진구 영화사로 105 (구의동),37.55515,127.09446,1,어린이보호
서울특별시 광진구 영화사로 111 (구의동),37.54254,127.09459,1,어린이보호
서울특별시 광진구 영화사로 77-1 (구의동),37.55742,127.07665,1,어린이보호
"서울특별시 광진구 영화사로 87-1 (구의동, 동성주택)",37.55419,127.07679,1,어린이보호
서울특별시 광진구 영화사로 98-1 (구의동),37.54168,127.08302,1,어린이보호
서울특별시 광진구 용마산로 111 (중곡동),37.55774,127.08932,1,어린이보호
서울특별시 광진구 용마산로 128 (중곡동)  원방빌딩,37.55324,127.08163,1,어린이보호
서울특별시 광진구 용마산로 191 (중곡동),37.55124,127.07041,1,어린이보호
서울특별시 광진구 용마산로 47 (중곡동),37.54976,127.07265,1,어린이보호
서울특별시 광진구 용마산로1길 65 (중곡동),37.5468,127.06919,1,어린이보호
서울특별시 광진구 용마산로22길 24 (중곡동),37.55512,127.07675,1,어린이보호
서울특별시 광진구 용마산로22길 76 (중곡동),37.56908,127.08131,1,어린이보호
서울특별시 광진구 용마산로28길 43 (중곡동),37.54819,127.10198,1,어린이보호
서울특별시 광진구 용마산로28길 62 (중곡동),37.53557,127.08239,1,어린이보호
서울특별시 광진구 용마산로30길 17 (중곡동),37.54447,127.06623,1,어린이보호
서울특별시 광진구 용마산로3길 57 (중곡동),37.53032,127.07561,1,어린이보호
서울특별시 광진구 용마산로3길 57 (중곡동),37.53398,127.07254,1,어린이보호
서울특별시 광진구 용마산로3길 57 (중곡동),37.5474,127.09211,1,어린이보호
서울특별시 광진구 용마산로5길 27 (중곡동),37.53061,127.08562,1,어린이보호
서울특별시 광진구 용마산로6길 13 (중곡동),37.53383,127.06384,1,어린이보호
서울특별시 광진구 용마산로8가길 80 (중곡동),37.54059,127.10275,1,어린이보호
서울특별시 광진구 워커힐로 93 (구의동),37.54582,127.07231,1,어린이보호
"서울특별시 광진구 자양강변길 297 (자양동, 신호빌라트)",37.5701,127.0861,1,어린이보호
서울특별시 광진구 자양로 219,37.53126,127.07998,1,어린이보호
서울특별시 광진구 자양로 247 (구의동),37.56805,127.08618,1,어린이보호
서울특별시 광진구 자양로 43 (자양동),37.56132,127.09085,1,어린이보호
서울특별시 광진구 자양로 55 (자양동),37.53073,127.08425,1,어린이보호
서울특별시 광진구 자양로 55 (자양동),37.5356,127.09385,1,어린이보호
서울특별시 광진구 자양로23가길 16 (구의동),37.53202,127.08162,1,어린이보호
서울특별시 광진구 자양로23길 21 (구의동),37.53555,127.07792,1,어린이보호
서울특별시 광진구 자양로23길 7 (자양동),37.52903,127.08358,1,어린이보호
서울특별시 광진구 동일로22길 117-20,37.52915,127.08392,1,생활방범
서울특별시 광진구 동일로22길 28 (화양동),37.52988,127.08456,1,생활방범
서울특별시 광진구 동일로22길 71 (화양동),37.52867,127.08512,1,생활방범
서울특별시 광진구 동일로22길 89 (화양동),37.53643,127.08466,1,생활방범
서울특별시 광진구 동일로24길 56 (화양동),37.53258,127.08655,1,생활방범
서울특별시 광진구 동일로24길 80-5,37.53148,127.0868,1,생활방범
서울특별시 광진구 동일로26길 47,37.53154,127.08818,1,생활방범
서울특별시 광진구 동일로28길 16,37.53046,127.08797,1,생활방범
서울특별시 광진구 동일로28길 16 (화양동),37.53754,127.07668,1,생활방범
서울특별시 광진구 동일로28길 16 (화양동),37.53739,127.07508,1,생활방범
서울특별시 광진구 동일로28길 38 (화양동),37.53853,127.07502,1,생활방범
서울특별시 광진구 동일로28길54,37.53696,127.07444,1,생활방범
서울특별시 광진구 동일로32길 14-6,37.53621,127.07579,1,생활방범
서울특별시 광진구 동일로34길 19 (군자동),37.53137,127.07353,1,생활방범
서울특별시 광진구 동일로38길 17,37.53819,127.07538,1,생활방범
서울특별시 광진구 동일로46길 26 (군자동),37.53205,127.07085,1,생활방범
서울특별시 광진구 동일로48길 14-10 (군자동),37.53604,127.07074,1,생활방범
서울특별시 광진구 동일로4가길 9-2 (자양동),37.53274,127.07449,1,생활방범
서울특별시 광진구 동일로4길 60 (자양동),37.53085,127.07342,1,생활방범
서울특별시 광진구 동일로4길 74 (자양동),37.53764,127.064,1,생활방범
서울특별시 광진구 동일로52길 11-13,37.53412,127.0657,1,생활방범
서울특별시 광진구 동일로52길 15-14 (군자동),37.53531,127.06331,1,생활방범
서울특별시 광진구 동일로52길 24 (군자동),37.53275,127.06371,1,생활방범
서울특별시 광진구 동일로56가길 19-16,37.53331,127.06564,1,생활방범
서울특별시 광진구 동일로56가길 19-16,37.53988,127.06745,1,생활방범
서울특별시 광진구 동일로56길 29 (군자동),37.53902,127.06809,1,생활방범
서울특별시 광진구 동일로56길 48,37.53896,127.06688,1,생활방범
서울특별시 광진구 동일로60길 25 (군자동),37.54094,127.06607,1,생활방범
서울특별시 광진구 동일로62길 37 (중곡동),37.54067,127.06406,1,생활방범
서울특별시 광진구 동일로66길 28 (중곡동),37.53427,127.06111,1,생활방범
서울특별시 광진구 동일로66길 9 (중곡동),37.53594,127.06283,1,생활방범
서울특별시 광진구 동일로68길 49,37.53575,127.06126,1,생활방범
서울특별시 광진구 동일로70길 22 (중곡동),37.55501,127.07334,1,생활방범
서울특별시 광진구 동일로74길 15,37.53411,127.06387,1,생활방범
서울특별시 광진구 동일로74길 31,37.53954,127.06336,1,생활방범
서울특별시 광진구 동일로76길 12 (중곡동),37.5383,127.06342,1,생활방범
서울특별시 광진구 동일로76길 49 (중곡동),37.53907,127.06455,1,생활방범
서울특별시 광진구 동일로76길 51-22 (중곡동),37.53829,127.06432,1,생활방범
서울특별시 광진구 자양로 117,37.5504,127.0899,1,기타
서울특별시 광진구 광나루로 18길 21 (화양동),37.5622,127.09557,1,다목적
서울특별시 광진구 광나루로30나길 17 (구의동),37.55224,127.10376,1,다목적
서울특별시 광진구 광나루로40길 80-4 (구의동),37.54833,127.09217,1,다목적
서울특별시 광진구 광나루로56길 34 (구의동),37.54914,127.09394,1,다목적
서울특별시 광진구 구의로16길 68 (구의동),37.54227,127.0996,1,다목적
서울특별시 광진구 군자로 70 두산위브 앞,37.53712,127.09294,1,다목적
서울특별시 광진구 능동로 32길 145,37.54299,127.08943,1,다목적
서울특별시 광진구 능동로 42 (자양동),37.54174,127.08824,1,다목적
서울특별시 광진구 능동로32길 67 (능동),37.54979,127.09316,1,다목적
서울특별시 광진구 능동로4길 51 (자양동),37.55473,127.07658,1,다목적
서울특별시 광진구 능동로6길 16 학교 정문 앞,37.5551,127.0812,1,다목적
서울특별시 광진구 동일로72길 43 (중곡동),37.53523,127.06656,1,다목적
서울특별시 광진구 뚝섬로 561,37.55996,127.07483,1,다목적
서울특별시 광진구 뚝섬로52길 74 (자양동),37.55568,127.09235,1,다목적
서울특별시 광진구 뚝섬로56길 7 (자양동),37.54422,127.06535,1,다목적
서울특별시 광진구 아차산로 384-1,37.54134,127.09737,1,다목적
서울특별시 광진구 아차산로69길,37.55442,127.09273,1,다목적
서울특별시 광진구 아차산로70길 35 (광장동),37.55674,127.07316,1,다목적
서울특별시 광진구 아차산로76길 19 (광장동),37.53396,127.09016,1,다목적
"서울특별시 광진구 용마산로22길 19-34 (중곡동, 삼보드림빌)",37.55176,127.07583,1,다목적
서울특별시 광진구 용마산로3길 104 (중곡동),37.54474,127.0976,1,다목적
서울특별시 광진구 자양로39길 19 (구의동),37.55256,127.09511,1,다목적
서울특별시 광진구 자양로9길 32 (자양동),37.54944,127.08759,1,다목적
서울특별시 광진구 자양번영로 12 (자양동),37.55459,127.08241,1,다목적
서울특별시 광진구 자양번영로6길 67 (자양동),37.53454,127.06831,1,다목적
서울특별시 광진구 천호대로109길 13 (중곡동),37.56373,127.08849,1,다목적
서울특별시 광진구 중곡동 68-19,37.54833,127.09217,1,생활방범
서울특별시 광진구 광장동 378-76,37.54126,127.09433,1,생활방범
서울특별시 광진구 중곡1동 248-29,37.53805,127.09238,1,생활방범
서울특별시 광진구 능동 237-3,37.54061,127.09067,1,생활방범
서울특별시 광진구 구의2동 612-35,37.54289,127.09114,1,생활방범
서울특별시 광진구 화양동 523-2,37.53676,127.09482,1,생활방범
서울특별시 광진구 중곡4동 72-122,37.53736,127.09453,1,생활방범
서울특별시 광진구 광장동 236-1,37.55602,127.07375,1,생활방범
서울특별시 광진구 자양2동 813-1,37.55243,127.08299,1,생활방범
서울특별시 광진구 군자동 340-10,37.55357,127.07929,1,생활방범
서울특별시 광진구 자양1동 231-63,37.55375,127.07944,1,생활방범
서울특별시 광진구 동일로76나길 20 (중곡동),37.53867,127.0653,1,생활방범
서울특별시 광진구 동일로78길 20 (중곡동),37.53796,127.06541,1,생활방범
서울특별시 광진구 동일로78길 46-33 (중곡동),37.53232,127.0836,1,생활방범
서울특별시 광진구 동일로78길47,37.56124,127.08097,1,생활방범
서울특별시 광진구 뚝섬로 491 (자양동),37.56316,127.07823,1,생활방범
서울특별시 광진구 뚝섬로 54길 61,37.56167,127.07582,1,생활방범
서울특별시 광진구 뚝섬로 561,37.56105,127.07773,1,생활방범
서울특별시 광진구 뚝섬로 631 (자양동),37.55994,127.08026,1,생활방범
서울특별시 광진구 뚝섬로 700 (자양동),37.56427,127.08111,1,생활방범
서울특별시 광진구 능동로53길24-1,37.5583,127.07475,1,생활방범
서울특별시 광진구 능동로55길 20 (중곡동),37.55677,127.07723,1,생활방범
서울특별시 광진구 능동로55길 43 (중곡동),37.55686,127.07462,1,생활방범
서울특별시 광진구 능동로5길 7,37.55582,127.07948,1,생활방범
서울특별시 광진구 능동로5길 7 (자양동),37.55624,127.07981,1,생활방범
서울특별시 광진구 능동로8길 28 (자양동),37.55305,127.0824,1,생활방범
서울특별시 광진구 능동로9길 23,37.5526,127.08285,1,생활방범
서울특별시 광진구 답십리로 370 (중곡동),37.55319,127.08467,1,생활방범
서울특별시 광진구 뚝섬로 716 (자양동),37.56365,127.08075,1,생활방범
서울특별시 광진구 뚝섬로22가길 22 (자양동),37.56402,127.08397,1,생활방범
서울특별시 광진구 뚝섬로22길 8 (자양동),37.56343,127.08582,1,생활방범
서울특별시 광진구 뚝섬로22길 89 (자양동),37.56205,127.08641,1,생활방범
서울특별시 광진구 뚝섬로23가길 11 (자양동),37.56153,127.08476,1,생활방범
서울특별시 광진구 뚝섬로24길 27 (자양동),37.55683,127.08644,1,생활방범
서울특별시 광진구 뚝섬로24길 48 (자양동),37.55926,127.08692,1,생활방범
서울특별시 광진구 뚝섬로24길 74,37.55904,127.08562,1,생활방범
서울특별시 광진구 뚝섬로25길 23 (자양동),37.55616,127.08612,1,생활방범
서울특별시 광진구 뚝섬로27길 19 (자양동),37.55647,127.08357,1,생활방범
서울특별시 광진구 뚝섬로27길 43 (자양동),37.56121,127.08701,1,생활방범
서울특별시 광진구 뚝섬로27길3,37.55933,127.08202,1,생활방범
서울특별시 광진구 뚝섬로30길 15 (자양동),37.56293,127.08501,1,생활방범
서울특별시 광진구 뚝섬로31가길 12,37.56208,127.08509,1,생활방범
서울특별시 광진구 뚝섬로32길 17 (자양동),37.56141,127.08321,1,생활방범
서울특별시 광진구 뚝섬로33길 34,37.56012,127.08675,1,생활방범
서울특별시 광진구 뚝섬로34길 13 (자양동),37.56859,127.08011,1,생활방범
서울특별시 광진구 뚝섬로34길 25-19 (자양동),37.56583,127.08391,1,생활방범
서울특별시 광진구 뚝섬로36가길 43 (자양동),37.56986,127.08131,1,생활방범
서울특별시 광진구 뚝섬로36길 15 (자양동),37.56771,127.07935,1,생활방범
서울특별시 광진구 뚝섬로36길 38 (자양동),37.56705,127.08055,1,생활방범
서울특별시 광진구 뚝섬로36길 49-8 (자양동),37.57028,127.08499,1,생활방범
서울특별시 광진구 뚝섬로37길 28 (자양동),37.56935,127.08528,1,생활방범
서울특별시 광진구 뚝섬로40길 31 (자양동),37.5672,127.08545,1,생활방범
서울특별시 광진구 뚝섬로40길 65 (자양동),37.57099,127.08395,1,생활방범
서울특별시 광진구 뚝섬로43길 7 (자양동),37.57156,127.08152,1,생활방범
서울특별시 광진구 뚝섬로44길 56,37.57056,127.0827,1,생활방범
서울특별시 광진구 뚝섬로47길 49 (자양동),37.56804,127.08124,1,생활방범
서울특별시 광진구 뚝섬로47길29,37.55727,127.0922,1,생활방범
서울특별시 광진구 구의3동 624-5,37.53436,127.08222,1,생활방범
서울특별시 광진구 광장동 516-2,37.53583,127.07772,1,생활방범
서울특별시 광진구 자양1동 859-1,37.53214,127.08784,1,생활방범
서울특별시 광진구 광장동 5-112,37.53367,127.06986,1,생활방범
서울특별시 광진구 광장동 5-143,37.53926,127.06824,1,생활방범
서울특별시 광진구 광장동 5-112,37.53914,127.06857,1,생활방범
서울특별시 광진구 광장동 5-112,37.5386,127.08174,1,생활방범
서울특별시 광진구 광장동 5-112,37.53508,127.06782,1,생활방범
서울특별시 광진구 광장동 5-112,37.53295,127.06638,1,생활방범
서울특별시 광진구 구의동 3,37.56472,127.07936,1,생활방범
서울특별시 광진구 광장동 5-127,37.55965,127.08411,1,생활방범
서울특별시 광진구 광장동 5-124,37.57,127.0845,1,생활방범
서울특별시 광진구 구의동 3-3,37.55695,127.09215,1,생활방범
서울특별시 광진구 구의동 3-3,37.55906,127.09091,1,생활방범
서울특별시 광진구 구의동 3-3,37.54656,127.0677,1,생활방범
서울특별시 광진구 구의동 3-3,37.54289,127.06682,1,생활방범
서울특별시 광진구 중곡동 143-141,37.54657,127.07184,1,생활방범
서울특별시 광진구 답십리로 78길 (중곡동),37.55413,127.08524,1,생활방범
서울특별시 광진구 답십리로74길 15 (중곡동),37.55215,127.08482,1,생활방범
서울특별시 광진구 답십리로78길 9-16 (중곡동),37.55312,127.08795,1,생활방범
서울특별시 광진구 답십리로82길 18 (중곡동),37.55212,127.08733,1,생활방범
서울특별시 광진구 답십리로84길 56 (중곡동),37.55362,127.07843,1,생활방범
서울특별시 광진구 답십리로84길 6 (중곡동),37.5524,127.07914,1,생활방범
서울특별시 광진구 답십리로88길 19 (중곡동),37.5527,127.07856,1,생활방범
서울특별시 광진구 도로명 주소 없음,37.55461,127.07917,1,생활방범
서울특별시 광진구 도로명주소 없음,37.55394,127.07921,1,생활방범
서울특별시 광진구 도로명주소 없음,37.53438,127.08196,1,생활방범
서울특별시 광진구 도로명주소 없음,37.53953,127.08134,1,생활방범
서울특별시 광진구 동일로 212,37.5361,127.08084,1,생활방범
서울특별시 광진구 동일로 26길 9,37.53605,127.08313,1,생활방범
서울특별시 광진구 동일로 30길 28 (화양동),37.53456,127.07949,1,생활방범
서울특별시 광진구 동일로 338,37.5348,127.0789,1,생활방범
서울특별시 광진구 동일로 34-11 (자양동),37.53369,127.0801,1,생활방범
서울특별시 광진구 동일로 360,37.53322,127.07813,1,생활방범
서울특별시 광진구 동일로 374 (중곡동),37.53389,127.0804,1,생활방범
서울특별시 광진구 동일로 44길 17 (군자동),37.5324,127.08056,1,생활방범
서울특별시 광진구 동일로 64길 20 (중곡동),37.53847,127.08098,1,생활방범
서울특별시 광진구 동일로10가길23 (자양동),37.53819,127.08047,1,생활방범
서울특별시 광진구 동일로10길 25 (자양동),37.52874,127.08112,1,생활방범
서울특별시 광진구 동일로10길 42 (자양동),37.52784,127.08441,1,생활방범
서울특별시 광진구 동일로10길 5 (자양동),37.53165,127.08508,1,생활방범
서울특별시 광진구 동일로10나길 18 (자양동),37.53279,127.08789,1,생활방범
서울특별시 광진구 동일로12길 20 (자양동),37.52967,127.07685,1,생활방범
서울특별시 광진구 동일로18가길 13 (자양동),37.5312,127.07792,1,생활방범
서울특별시 광진구 동일로18길 44 (자양동),37.53065,127.0805,1,생활방범
서울특별시 광진구 동일로18나길 24 (자양동),37.52969,127.08,1,생활방범
서울특별시 광진구 동일로20길 106 (자양동),37.52798,127.08025,1,생활방범
서울특별시 광진구 용마산로31길 31 (중곡동),37.53916,127.07676,1,생활방범
서울특별시 광진구 용마산로33길 25 (중곡동),37.55142,127.10198,1,생활방범
서울특별시 광진구 용마산로33길 41,37.55176,127.10351,1,생활방범
서울특별시 광진구 용마산로34길 15 (중곡동),37.56587,127.08828,1,생활방범
서울특별시 광진구 용마산로36길 22,37.55325,127.07326,1,생활방범
서울특별시 광진구 용마산로36길 28-10,37.54896,127.08596,1,생활방범
서울특별시 광진구 용마산로36길 44 (중곡동),37.54885,127.08664,1,생활방범
서울특별시 광진구 용마산로36길 66 (중곡동),37.55318,127.09836,1,생활방범
서울특별시 광진구 용마산로3길 13 (중곡동),37.53773,127.09167,1,생활방범
서울특별시 광진구 용마산로3길 38 (중곡동),37.52945,127.07533,1,생활방범
서울특별시 광진구 용마산로3길 98 (중곡동),37.5475,127.10123,1,생활방범
서울특별시 광진구 용마산로4길 26 (중곡동),37.53092,127.08629,1,생활방범
서울특별시 광진구 용마산로5길 40,37.53115,127.09033,1,생활방범
서울특별시 광진구 용마산로5길 40-22,37.53576,127.0744,1,생활방범
서울특별시 광진구 용마산로7길 59 (중곡동),37.53274,127.06292,1,생활방범
서울특별시 광진구 구의동 3-3,37.54456,127.07066,1,생활방범
서울특별시 광진구 중곡동 143-141,37.54154,127.06979,1,생활방범
서울특별시 광진구 중곡동 143-119,37.53017,127.08235,1,생활방범
서울특별시 광진구 중곡동 176-122,37.54928,127.09472,1,생활방범
서울특별시 광진구 중곡동 176-122,37.54812,127.09645,1,생활방범
서울특별시 광진구 중곡동 176-122,37.54794,127.09703,1,생활방범
서울특별시 광진구 중곡동 176-112,37.54788,127.09821,1,생활방범
서울특별시 광진구 구의동 3-17,37.54752,127.09835,1,생활방범
서울특별시 광진구 구의동 3-17,37.54636,127.09824,1,생활방범
서울특별시 광진구 구의동 3-17,37.53208,127.07441,1,생활방범
서울특별시 광진구 구의동 3-17,37.54595,127.10391,1,생활방범
서울특별시 광진구  천호대로102길 58 (군자동),37.54625,127.09874,1,생활방범
서울특별시 광진구  천호대로127길19,37.54657,127.09899,1,생활방범
서울특별시 광진구 강변역로 18,37.54927,127.10143,1,생활방범
서울특별시 광진구 강변역로 40-2,37.54977,127.10133,1,생활방범
서울특별시 광진구 강변역로 53,37.54434,127.09975,1,생활방범
서울특별시 광진구 광나루로 14길 26,37.54951,127.09911,1,생활방범
서울특별시 광진구 광나루로 14길 31,37.56228,127.09625,1,생활방범
서울특별시 광진구 광나루로 16길 18,37.56225,127.09615,1,생활방범
서울특별시 광진구 광나루로 19길51,37.56306,127.09618,1,생활방범
서울특별시 광진구 광나루로 389,37.5634,127.09636,1,생활방범
서울특별시 광진구 광나루로 38길 8,37.56513,127.09741,1,생활방범
서울특별시 광진구 아차산로49길 89 (구의동),37.55311,127.07134,1,쓰레기단속
서울특별시 광진구 아차산로51길 86-12 (구의동),37.53212,127.07975,1,쓰레기단속
"서울특별시 광진구 아차산로55길 23 (구의동, 신일아트빌라)",37.54855,127.0999,1,쓰레기단속
서울특별시 광진구 아차산로63길 31,37.52937,127.08278,1,쓰레기단속
서울특별시 광진구 아차산로73길 7-4 (광장동),37.55438,127.07306,1,쓰레기단속
서울특별시 광진구 용마산로 47 (중곡동),37.55755,127.07535,1,쓰레기단속
서울특별시 광진구 용마산로1길 69 (중곡동),37.54706,127.07027,1,쓰레기단속
서울특별시 광진구 용마산로1길 89 (중곡동),37.54611,127.07297,1,쓰레기단속
서울특별시 광진구 용마산로25길 22 (중곡동),37.54771,127.10574,1,쓰레기단속
서울특별시 광진구 용마산로28길 30 (중곡동),37.54748,127.08581,1,쓰레기단속
서울특별시 광진구 용마산로30길 37 (중곡동),37.56367,127.08014,1,쓰레기단속
서울특별시 광진구 용마산로32길 33 (중곡동),37.54512,127.09888,1,쓰레기단속
"서울특별시 광진구 자양로26길 59 (구의동, 한일익스프레스)",37.53776,127.06597,1,쓰레기단속
서울특별시 광진구 광나루로56길 85,37.55216,127.10268,1,재난재해
서울특별시 광진구 능동로 90,37.53823,127.08503,1,재난재해
서울특별시 광진구 동일로 403,37.53352,127.08097,1,재난재해
서울특별시 광진구 동일로 419,37.53343,127.0822,1,재난재해
서울특별시 광진구 신주소X,37.53514,127.0898,1,재난재해
서울특별시 광진구 아차산로361,37.55657,127.07508,1,재난재해
서울특별시 광진구 용마산로 127,37.55858,127.09451,1,재난재해
"서울특별시 광진구 뻥튀기골, 길목",37.53572,127.0641,1,재난재해
"서울특별시 광진구 아차산 능선, 긴골지구쪽",37.54152,127.10243,1,재난재해
"서울특별시 광진구 아차산 능선, 긴골지구쪽",37.53455,127.08044,1,재난재해
"서울특별시 광진구 아차산성, 구의지구쪽",37.55933,127.09283,1,재난재해
서울특별시 광진구 용마산로8가길 20-15 (중곡동),37.54307,127.08038,1,생활방범
서울특별시 광진구 용마산로8가길 26 (중곡동),37.52927,127.08455,1,생활방범
서울특별시 광진구 용마산로8길 10 (중곡동),37.54128,127.07085,1,생활방범
서울특별시 광진구 용마산로8길 66,37.54407,127.069,1,생활방범
서울특별시 광진구 용마산로8나길 36,37.54018,127.07056,1,생활방범
서울특별시 광진구 용마산로8다길 23 (중곡동),37.54262,127.06803,1,생활방범
서울특별시 광진구 용마산로8라길 30,37.54598,127.07554,1,생활방범
서울특별시 광진구 용마산로8마길 26,37.54328,127.06615,1,생활방범
서울특별시 광진구 워커힐로 32,37.54594,127.07175,1,생활방범
서울특별시 광진구 자양1동 859-1,37.55695,127.08218,1,생활방범
서울특별시 광진구 자양3동 784-2,37.55595,127.08323,1,생활방범
서울특별시 광진구 자양4동 199-4,37.55711,127.08395,1,생활방범
서울특별시 광진구 자양4동 553-22,37.56004,127.08322,1,생활방범
서울특별시 광진구 자양4동 74-21,37.56085,127.07503,1,생활방범
서울특별시 광진구 자양강변길 119,37.563,127.0758,1,생활방범
서울특별시 광진구 자양강변길 19 (자양동),37.56121,127.07836,1,생활방범
서울특별시 광진구 자양강변길 301,37.56122,127.08726,1,생활방범
서울특별시 광진구 자양강변길 73 (자양동),37.56461,127.08801,1,생활방범
서울특별시 광진구 자양동 57-2,37.56122,127.09048,1,생활방범
서울특별시 광진구 자양동 783-2,37.55402,127.09232,1,생활방범
서울특별시 광진구 자양로 117,37.55239,127.08843,1,생활방범
서울특별시 광진구 자양로 13길 31-8 (자양동),37.55093,127.09156,1,생활방범
서울특별시 광진구 자양로 237-1,37.53302,127.06226,1,생활방범
서울특별시 광진구 자양로 282,37.53613,127.06734,1,생활방범
서울특별시 광진구 자양로 35,37.53503,127.07975,1,생활방범
서울특별시 광진구 자양로 96,37.54025,127.08795,1,생활방범
서울특별시 광진구 자양로11길 11-1,37.5397,127.0894,1,생활방범
서울특별시 광진구 자양로11길 45-8 (자양동),37.55941,127.07917,1,생활방범
서울특별시 광진구 자양로13길 100 (자양동),37.54909,127.06891,1,생활방범
서울특별시 광진구 자양로13길 20,37.55659,127.07409,1,생활방범
서울특별시 광진구 자양로13길 41 (자양동),37.5403,127.07022,1,생활방범
서울특별시 광진구 자양로13길 41 (자양동),37.54379,127.10309,1,생활방범
서울특별시 광진구 자양로13길 73 (자양동),37.5392,127.07035,1,생활방범
서울특별시 광진구 자양로13나길 14 (자양동),37.53835,127.08328,1,생활방범
서울특별시 광진구 자양로13다길 34,37.54583,127.10428,1,생활방범
서울특별시 광진구 자양로13다길 34 (자양동),37.54796,127.10206,1,생활방범
서울특별시 광진구 자양로13다길10,37.54434,127.08591,1,생활방범
서울특별시 광진구 자양로15길 108 (자양동),37.54102,127.08724,1,생활방범
서울특별시 광진구 자양로15길 27,37.54125,127.08566,1,생활방범
서울특별시 광진구 자양로15길 56 (자양동),37.5416,127.08716,1,생활방범
서울특별시 광진구 자양로15길 6 (자양동),37.54093,127.08448,1,생활방범
서울특별시 광진구 자양로15길 72,37.53836,127.08644,1,생활방범
서울특별시 광진구 자양로15길84 (16~17구역 사이),37.5509,127.09596,1,생활방범
서울특별시 광진구 자양로18길 26 (구의동),37.53929,127.09104,1,생활방범
서울특별시 광진구 자양로18길 72 (구의동),37.53811,127.09205,1,생활방범
서울특별시 광진구 자양로18길6,37.55719,127.07383,1,생활방범
서울특별시 광진구 강변역로2길 18 (구의동),37.53631,127.06178,1,어린이보호
서울특별시 광진구 광나루로 448 (화양동),37.56606,127.09841,1,어린이보호
서울특별시 광진구 광나루로 532 (구의동),37.55259,127.0997,1,어린이보호
서울특별시 광진구 광나루로15길 23,37.55248,127.10065,1,어린이보호
서울특별시 광진구 광나루로30길 49 (화양동),37.55319,127.10116,1,어린이보호
서울특별시 광진구 광나루로30다길 3 (구의동),37.53298,127.07834,1,어린이보호
서울특별시 광진구 광나루로38길 73 (구의동),37.54136,127.09449,1,어린이보호
서울특별시 광진구 광나루로44길 32 (구의동),37.56273,127.07688,1,어린이보호
서울특별시 광진구 광나루로56길 5 (구의동),37.54917,127.09447,1,어린이보호
서울특별시 광진구 광장로1길 27 (광장동),37.56815,127.10103,1,어린이보호
서울특별시 광진구 광장로3길 19 (광장동),37.55493,127.10073,1,어린이보호
서울특별시 광진구 구의2동 613-38,37.53793,127.097,1,어린이보호
서울특별시 광진구 구의3동 215-10 교통섬,37.53473,127.09165,1,어린이보호
서울특별시 광진구 뚝섬로48길 52 (자양동),37.55517,127.08981,1,생활방범
서울특별시 광진구 뚝섬로49길 59 (자양동),37.56311,127.08768,1,생활방범
서울특별시 광진구 뚝섬로50길 28 (자양동),37.55792,127.09305,1,생활방범
서울특별시 광진구 뚝섬로50길 6 (자양동),37.5575,127.09348,1,생활방범
서울특별시 광진구 뚝섬로51길 24 (자양동),37.55765,127.09524,1,생활방범
서울특별시 광진구 뚝섬로52가길 10,37.55554,127.0933,1,생활방범
서울특별시 광진구 뚝섬로52가길 42,37.55675,127.09466,1,생활방범
서울특별시 광진구 뚝섬로52길 71,37.55679,127.09213,1,생활방범
서울특별시 광진구 뚝섬로52다길 45 (자양동),37.56093,127.08881,1,생활방범
서울특별시 광진구 뚝섬로52마길 42-15 (자양동),37.56948,127.08873,1,생활방범
서울특별시 광진구 뚝섬로52마길 60 (자양동),37.55969,127.08838,1,생활방범
서울특별시 광진구 뚝섬로52마길 60 (자양동),37.5704,127.08834,1,생활방범
서울특별시 광진구 뚝섬로54길 24 (자양동),37.5702,127.08717,1,생활방범
서울특별시 광진구 뚝섬로54길 46 (자양동),37.55865,127.09526,1,생활방범
서울특별시 광진구 뚝섬로55길 19 (자양동),37.56025,127.09562,1,생활방범
서울특별시 광진구 뚝섬로56길 28 (자양동),37.55597,127.09077,1,생활방범
서울특별시 광진구 뚝섬로56길 35 (자양동),37.554,127.09032,1,생활방범
서울특별시 광진구 뚝섬로56길 59 (자양동),37.55445,127.08951,1,생활방범
서울특별시 광진구 뚝섬로56길47 (자양동),37.54622,127.06794,1,생활방범
서울특별시 광진구 뚝섬로57가길 55 (자양동),37.54284,127.06717,1,생활방범
서울특별시 광진구 뚝섬로57길 13 (자양동),37.54313,127.06824,1,생활방범
서울특별시 광진구 뚝섬로58가길 9,37.54225,127.06591,1,생활방범
서울특별시 광진구 뚝섬로58길 58,37.54374,127.07062,1,생활방범
서울특별시 광진구 뚝섬로58길 68,37.54559,127.06955,1,생활방범
서울특별시 광진구 뚝섬로59길 18 (자양동),37.54546,127.06867,1,생활방범
서울특별시 광진구 뚝섬로60길 6 (자양동),37.54629,127.06884,1,생활방범
서울특별시 광진구 뚝섬로62길 24 (자양동),37.54344,127.06754,1,생활방범
서울특별시 광진구 뚝섬로64길 14 (자양동),37.54631,127.07524,1,생활방범
서울특별시 광진구 뚝섬로64길 45,37.54521,127.07529,1,생활방범
서울특별시 광진구 뚝섬로64길 70 (자양동),37.56386,127.07873,1,생활방범
서울특별시 광진구 뚝섬로67길 23 (구의동),37.57105,127.08228,1,생활방범
서울특별시 광진구 뚝섬로681,37.55657,127.08958,1,생활방범
서울특별시 광진구 자양로19길 48-4 (자양동),37.55389,127.07374,1,생활방범
서울특별시 광진구 자양로19길 54 (자양동),37.5568,127.07304,1,생활방범
서울특별시 광진구 자양로209,37.56407,127.08241,1,생활방범
서울특별시 광진구 자양로21길 14 (자양동),37.55903,127.08689,1,생활방범
서울특별시 광진구 자양로21길 35 (자양동),37.55527,127.08225,1,생활방범
서울특별시 광진구 자양로22길 58(구의동),37.54088,127.09227,1,생활방범
서울특별시 광진구 자양로22길 61 (구의동),37.53444,127.07645,1,생활방범
서울특별시 광진구 자양로23길 65 (구의동),37.5324,127.08892,1,생활방범
서울특별시 광진구 자양로23길 86 (구의동),37.56878,127.08815,1,생활방범
서울특별시 광진구 자양로25길 14-1,37.5334,127.07285,1,생활방범
서울특별시 광진구 자양로26길 14 (구의동),37.53559,127.07052,1,생활방범
서울특별시 광진구 자양로26길 45-7,37.53163,127.07188,1,생활방범
서울특별시 광진구 자양로26길 91-14 (구의동),37.53901,127.06817,1,생활방범
서울특별시 광진구 자양로26길95,37.53489,127.06063,1,생활방범
서울특별시 광진구 자양로28길 14 (구의동),37.55287,127.07164,1,생활방범
서울특별시 광진구 자양로28길 73 (구의동),37.53515,127.06537,1,생활방범
서울특별시 광진구 자양로28길 98 (구의동),37.53533,127.06471,1,생활방범
서울특별시 광진구 자양로2길 29 (자양동),37.537,127.0682,1,생활방범
서울특별시 광진구 자양로2길 6 (자양동),37.53728,127.06603,1,생활방범
서울특별시 광진구 자양로30길 14,37.53744,127.06545,1,생활방범
서울특별시 광진구 자양로30길 29 (구의동),37.56358,127.07761,1,생활방범
서울특별시 광진구 자양로30길 43 (구의동),37.56765,127.08798,1,생활방범
서울특별시 광진구 자양로30길 79 (구의동),37.55984,127.07463,1,생활방범
서울특별시 광진구 자양로30길 87-10 (구의동),37.56122,127.07711,1,생활방범
서울특별시 광진구 자양로32길 31 (구의동),37.55775,127.08732,1,생활방범
서울특별시 광진구 자양로33길 44 (구의동),37.55596,127.08477,1,생활방범
서울특별시 광진구 자양로35길35,37.56267,127.07682,1,생활방범
서울특별시 광진구 자양로36길 11 (구의동),37.55633,127.08391,1,생활방범
서울특별시 광진구 자양로36길 17-12 (구의동),37.55348,127.08655,1,생활방범
서울특별시 광진구 자양로37가길 10 (구의동),37.56832,127.08397,1,생활방범
서울특별시 광진구 자양로37길 21 (구의동),37.5703,127.08057,1,생활방범
서울특별시 광진구 자양로37길 22-10 (구의동),37.55153,127.07047,1,생활방범
서울특별시 광진구 자양로37길 38,37.56608,127.0857,1,생활방범
서울특별시 광진구 자양로37길 38-6,37.56785,127.08384,1,생활방범
서울특별시 광진구 자양로37길 43,37.54108,127.08868,1,생활방범
서울특별시 광진구 자양로37길 85,37.55361,127.08979,1,생활방범
서울특별시 광진구 자양로38길 17-7,37.56943,127.08814,1,생활방범
서울특별시 광진구 자양로3가길 36 (자양동),37.54474,127.07139,1,생활방범
서울특별시 광진구 자양로3가길 37 (자양동),37.54691,127.07063,1,생활방범
서울특별시 광진구 자양로3길 16,37.54438,127.06715,1,생활방범
서울특별시 광진구 자양로3길 39-3 (자양동),37.54336,127.06656,1,생활방범
서울특별시 광진구 자양로3길 49 (자양동),37.54522,127.075,1,생활방범
서울특별시 광진구 자양로3길 7 (자양동),37.54796,127.10103,1,생활방범
서울특별시 광진구 자양로41길 26-9,37.54331,127.09552,1,생활방범
서울특별시 광진구 자양로42길 42-24 (구의동),37.54684,127.10225,1,생활방범
서울특별시 광진구 자양로42길 44 (구의동),37.54789,127.10278,1,생활방범
서울특별시 광진구 뚝섬로703-1,37.55232,127.07775,1,생활방범
서울특별시 광진구 면목로 127 (중곡동),37.55224,127.09192,1,생활방범
서울특별시 광진구 면목로 136-1,37.53991,127.09231,1,생활방범
서울특별시 광진구 면목로 172 (중곡동),37.54826,127.10568,1,생활방범
서울특별시 광진구 면목로 27 (군자동),37.53046,127.08507,1,생활방범
서울특별시 광진구 면목로 5길 36,37.53412,127.0627,1,생활방범
서울특별시 광진구 광나루로 517-10 (구의동),37.5665,127.09873,1,생활방범
서울특별시 광진구 광나루로13길 30 (군자동),37.55222,127.10066,1,생활방범
서울특별시 광진구 광나루로17길 14,37.5518,127.10104,1,생활방범
서울특별시 광진구 광나루로17길 14 (군자동),37.55107,127.10114,1,생활방범
서울특별시 광진구 광나루로17길 14-14 (군자동),37.55415,127.10133,1,생활방범
서울특별시 광진구 광나루로19길 31,37.55514,127.10163,1,생활방범
서울특별시 광진구 광나루로20가길 21 (화양동),37.55799,127.10262,1,생활방범
서울특별시 광진구 광나루로22가길 12,37.55169,127.10023,1,생활방범
서울특별시 광진구 광나루로22길 7,37.55997,127.10158,1,생활방범
서울특별시 광진구 광나루로24길 12 (화양동),37.56603,127.08499,1,생활방범
서울특별시 광진구 광나루로24길 53 (화양동),37.53683,127.06901,1,생활방범
서울특별시 광진구 광나루로26길 24 (화양동),37.55226,127.0998,1,생활방범
서울특별시 광진구 광나루로30가길 9 (구의동),37.5518,127.10085,1,생활방범
서울특별시 광진구 광나루로30길 80,37.54935,127.09482,1,생활방범
서울특별시 광진구 광나루로30다길 30,37.53512,127.06823,1,생활방범
서울특별시 광진구 광나루로36길 68 (구의동),37.55219,127.10132,1,생활방범
서울특별시 광진구 광나루로36길 9-9,37.55436,127.09722,1,생활방범
서울특별시 광진구 광나루로38길 27 (구의동),37.54751,127.07348,1,생활방범
서울특별시 광진구 광나루로38길 67 (구의동),37.53241,127.09219,1,생활방범
서울특별시 광진구 광나루로40길 17 (구의동),37.55904,127.09101,1,생활방범
서울특별시 광진구 광나루로40길 34 (구의동),37.55026,127.1012,1,생활방범
서울특별시 광진구 광나루로44길 32 (구의동),37.54656,127.0677,1,생활방범
서울특별시 광진구 광나루로44길 9 (구의동),37.54818,127.08567,1,생활방범
서울특별시 광진구 광나루로44길55,37.54509,127.07628,1,생활방범
서울특별시 광진구 광나루로52길 12,37.56104,127.09554,1,생활방범
서울특별시 광진구 광나루로52길 12 (구의동),37.54309,127.10214,1,생활방범
서울특별시 광진구 광나루로52길 12 (구의동),37.52996,127.08909,1,생활방범
서울특별시 광진구 광나루로52길 43 (구의동),37.55273,127.07023,1,생활방범
서울특별시 광진구 광나루로52길 66 (구의동),37.53636,127.07987,1,생활방범
서울특별시 광진구 광나루로52길 83 (구의동),37.53104,127.09198,1,생활방범
서울특별시 광진구 광나루로54길 20 (구의동),37.54164,127.09616,1,생활방범
서울특별시 광진구 광나루로56길 86 (구의동),37.55227,127.10308,1,생활방범
서울특별시 광진구 광나루로56길 86 (구의동),37.55194,127.10433,1,생활방범
서울특별시 광진구 광나루로595,37.55317,127.10353,1,생활방범
서울특별시 광진구 광장동 344-10,37.55436,127.10408,1,생활방범
서울특별시 광진구 광장동 381-44,37.55313,127.10056,1,생활방범
서울특별시 광진구 광장동 5-116,37.55288,127.10096,1,생활방범
서울특별시 광진구 면목로 74 (중곡동),37.5564,127.07821,1,생활방범
서울특별시 광진구 면목로 93 (중곡동),37.5436,127.08646,1,생활방범
서울특별시 광진구 면목로114,37.55552,127.08657,1,생활방범
서울특별시 광진구 자양로42길 53,37.544,127.09729,1,생활방범
서울특별시 광진구 자양로43길 123 (중곡동),37.54064,127.10001,1,생활방범
서울특별시 광진구 자양로43길 18 (구의동),37.54175,127.08725,1,생활방범
서울특별시 광진구 천호대로135길 16 (구의동),37.53975,127.07189,1,생활방범
서울특별시 광진구 천호대로136길 13,37.539,127.07046,1,생활방범
서울특별시 광진구 천호대로136길 43,37.53193,127.0663,1,생활방범
서울특별시 광진구 천호대로136길 64,37.55689,127.0796,1,생활방범
서울특별시 광진구 천호대로137길 10 (구의동),37.53587,127.09435,1,생활방범
서울특별시 광진구 천호대로137길 38 (구의동),37.54099,127.07156,1,생활방범
서울특별시 광진구 천호대로138길 40,37.53588,127.09526,1,생활방범
서울특별시 광진구 천호대로140길 60,37.56479,127.08457,1,생활방범
서울특별시 광진구 천호대로140길 60,37.53825,127.0709,1,생활방범
서울특별시 광진구 천호대로140길 60,37.53584,127.09573,1,생활방범
서울특별시 광진구 천호대로140길 60,37.56833,127.0783,1,생활방범
서울특별시 광진구 화양동 110-34,37.5666,127.07727,1,생활방범
서울특별시 광진구 강변역로53,37.53585,127.06771,1,시설물관리
서울특별시 광진구 광나루로 389,37.56417,127.09639,1,시설물관리
서울특별시 광진구 광나루로56길 85,37.53846,127.08145,1,시설물관리
서울특별시 광진구 능동로 10,37.54884,127.07079,1,시설물관리
서울특별시 광진구 능동로 110,37.54276,127.09832,1,시설물관리
서울특별시 광진구 능동로 110,37.55429,127.10341,1,시설물관리
서울특별시 광진구 능동로 120-1,37.5685,127.10315,1,시설물관리
서울특별시 광진구 능동로 419,37.54364,127.08566,1,시설물관리
서울특별시 광진구 능동로 90,37.54004,127.0842,1,시설물관리
서울특별시 광진구 신주소X,37.53781,127.08516,1,시설물관리
서울특별시 광진구 신주소X,37.5516,127.09071,1,시설물관리
서울특별시 광진구 아차산로 236,37.54365,127.06827,1,시설물관리
서울특별시 광진구 아차산로 370,37.54784,127.10198,1,시설물관리
서울특별시 광진구 아차산로 383,37.54389,127.09871,1,시설물관리
서울특별시 광진구 아차산로 397,37.54112,127.08699,1,시설물관리
서울특별시 광진구 자양로3길 7,37.54239,127.09119,1,시설물관리
서울특별시 광진구 천호대로 548,37.53749,127.0792,1,시설물관리
서울특별시 광진구 천호대로 549,37.53192,127.08564,1,시설물관리
서울특별시 광진구 천호대로 556,37.56314,127.08198,1,시설물관리
서울특별시 광진구 천호대로 661,37.55927,127.08418,1,시설물관리
서울특별시 광진구 화양동 4-14,37.56728,127.07706,1,시설물관리
서울특별시 광진구 강변역로 17 (구의동),37.56864,127.07794,1,쓰레기단속
서울특별시 광진구 광나루로20가길 14 (화양동),37.55817,127.10237,1,쓰레기단속
"서울특별시 광진구 광나루로38길 74 (구의동, 삼영)",37.53693,127.09503,1,쓰레기단속
서울특별시 광진구 광나루로40길 84 (구의동),37.53805,127.09238,1,쓰레기단속
서울특별시 광진구 광나루로44길 44 (구의동),37.55532,127.0836,1,쓰레기단속
서울특별시 광진구 광나루로52길 94 (구의동),37.53614,127.09467,1,쓰레기단속
서울특별시 광진구 자양로43길 47 (중곡동),37.54341,127.08151,1,생활방범
서울특별시 광진구 자양로43길 8 (구의동),37.54213,127.08167,1,생활방범
서울특별시 광진구 자양로43길 86 (중곡동),37.54172,127.08244,1,생활방범
서울특별시 광진구 자양로44가길 18 (구의동),37.55397,127.09783,1,생활방범
서울특별시 광진구 자양로44길 125 (구의동),37.5503,127.09655,1,생활방범
서울특별시 광진구 면목로11길 20 (중곡동),37.5379,127.07514,1,생활방범
서울특별시 광진구 면목로13길 17,37.56152,127.07653,1,생활방범
서울특별시 광진구 면목로15길30,37.562,127.08585,1,생활방범
서울특별시 광진구 면목로16길 10 (중곡동),37.56801,127.08445,1,생활방범
서울특별시 광진구 면목로182,37.54616,127.06708,1,생활방범
서울특별시 광진구 면목로1길 19 (군자동),37.54886,127.07274,1,생활방범
서울특별시 광진구 면목로38,37.55158,127.08611,1,생활방범
서울특별시 광진구 면목로5길 15 (군자동),37.53444,127.07663,1,생활방범
서울특별시 광진구 면목로5길 30-6 (군자동),37.53222,127.07833,1,생활방범
서울특별시 광진구 면목로5길 49 (군자동),37.53698,127.07668,1,생활방범
서울특별시 광진구 면목로5길 59 (군자동),37.54324,127.08784,1,생활방범
서울특별시 광진구 면목로6길 18 (군자동),37.53904,127.09366,1,생활방범
서울특별시 광진구 면목로9길31,37.54743,127.10428,1,생활방범
서울특별시 광진구 생활방범(아차산동행숲길),37.56019,127.08541,1,생활방범
서울특별시 광진구 생활방범(아차산사방댐),37.56802,127.08315,1,생활방범
서울특별시 광진구 생활방범(아차산어울림광장1),37.55837,127.09445,1,생활방범
서울특별시 광진구 생활방범(아차산어울림광장2),37.55271,127.08181,1,생활방범
서울특별시 광진구 신주소 없음,37.54052,127.08861,1,생활방범
서울특별시 광진구 아차산 순환도로 (광장동),37.53007,127.07797,1,생활방범
서울특별시 광진구 아차산로 200 (자양동),37.53568,127.06499,1,생활방범
서울특별시 광진구 아차산로 21길 109,37.53379,127.06779,1,생활방범
서울특별시 광진구 아차산로 23길 45,37.54507,127.07812,1,생활방범
서울특별시 광진구 아차산로 241,37.55191,127.0705,1,생활방범
서울특별시 광진구 아차산로 241 (화양동),37.54208,127.08734,1,생활방범
서울특별시 광진구 아차산로 288 (자양동),37.54752,127.1031,1,생활방범
서울특별시 광진구 아차산로 401-9,37.54327,127.08367,1,생활방범
서울특별시 광진구 아차산로 540 (광장동),37.55646,127.07347,1,생활방범
서울특별시 광진구 아차산로 636 (광장동),37.53655,127.07974,1,생활방범
서울특별시 광진구 아차산로 63길 17 (구의동),37.53858,127.07719,1,생활방범
서울특별시 광진구 아차산로 75길 9,37.53348,127.07674,1,생활방범
서울특별시 광진구 아차산로 78길 153 (광장동),37.53301,127.08395,1,생활방범
서울특별시 광진구 아차산로 78길 18,37.53859,127.07892,1,생활방범
서울특별시 광진구 아차산로 78길 90,37.53,127.08273,1,생활방범
서울특별시 광진구 광장동 5-119,37.55294,127.10113,1,생활방범
서울특별시 광진구 광장로 1 (광장동),37.55482,127.09804,1,생활방범
서울특별시 광진구 광장로 64 (광장동),37.55612,127.09824,1,생활방범
서울특별시 광진구 광장로 7길 27,37.55615,127.09763,1,생활방범
서울특별시 광진구 광장로1-20,37.55634,127.09679,1,생활방범
서울특별시 광진구 광장로1가길 13,37.55647,127.09634,1,생활방범
서울특별시 광진구 광장로1가길 31 (광장동),37.55664,127.09606,1,생활방범
서울특별시 광진구 광장로1가길 49 (광장동),37.55673,127.09677,1,생활방범
서울특별시 광진구 광장로1길 19 (광장동),37.56186,127.09082,1,생활방범
서울특별시 광진구 광장로1나길 16 (광장동),37.56812,127.09045,1,생활방범
서울특별시 광진구 광장로1나길 8,37.56788,127.09047,1,생활방범
서울특별시 광진구 광장로1다길 23,37.5676,127.08989,1,생활방범
서울특별시 광진구 광장로1다길 60 (광장동),37.55538,127.09912,1,생활방범
서울특별시 광진구 자양로44길 141-7 (구의동),37.55068,127.0888,1,생활방범
서울특별시 광진구 자양로44길 30-1 (구의동),37.54865,127.08901,1,생활방범
서울특별시 광진구 자양로44길 69 (구의동),37.55472,127.09471,1,생활방범
서울특별시 광진구 자양로44나길 26-14 (구의동),37.55442,127.09687,1,생활방범
서울특별시 광진구 자양로44나길 39 (구의동),37.55268,127.09535,1,생활방범
서울특별시 광진구 자양로45길 13 (구의동),37.55371,127.09395,1,생활방범
서울특별시 광진구 자양로45길 65 (중곡동),37.55216,127.09314,1,생활방범
서울특별시 광진구 자양로45길 89 (중곡동),37.54752,127.0908,1,생활방범
서울특별시 광진구 자양로47길 11 (구의동),37.54903,127.08717,1,생활방범
서울특별시 광진구 자양로48길 20 (구의동),37.53605,127.09106,1,생활방범
서울특별시 광진구 자양로49길 15-2 (구의동),37.53709,127.09381,1,생활방범
서울특별시 광진구 자양로4가길6-10,37.53806,127.09369,1,생활방범
서울특별시 광진구 자양로4길 12-1 (자양동),37.53723,127.09341,1,생활방범
서울특별시 광진구 자양로4나길 31 (자양동),37.53793,127.08954,1,생활방범
서울특별시 광진구 자양로51길 10-9 (구의동),37.53882,127.09806,1,생활방범
서울특별시 광진구 자양로51길 11 (구의동),37.5535,127.09945,1,생활방범
서울특별시 광진구 자양로51길 28,37.54011,127.09063,1,생활방범
서울특별시 광진구 자양로51길 46,37.54484,127.08838,1,생활방범
서울특별시 광진구 자양로52길 11 (구의동),37.53823,127.09069,1,생활방범
서울특별시 광진구 자양로53길 10 (구의동),37.55291,127.07236,1,생활방범
서울특별시 광진구 자양로53길21,37.55586,127.07582,1,생활방범
서울특별시 광진구 자양로54길 11 (구의동),37.55222,127.07253,1,생활방범
서울특별시 광진구 자양로5길 13 (자양동),37.55434,127.07299,1,생활방범
서울특별시 광진구 자양로6길 40 (자양동),37.55163,127.06949,1,생활방범
서울특별시 광진구 자양로9길 24-3 (자양동),37.55755,127.07348,1,생활방범
서울특별시 광진구 자양번영로 3길 27 (자양동),37.54133,127.08318,1,생활방범
서울특별시 광진구 자양번영로 7길 3,37.5371,127.08072,1,생활방범
서울특별시 광진구 자양번영로 81 (자양동),37.53646,127.07895,1,생활방범
서울특별시 광진구 자양번영로11길 29 (자양동),37.53325,127.08472,1,생활방범
서울특별시 광진구 자양번영로11길 37-14 (자양동),37.5326,127.07559,1,생활방범
서울특별시 광진구 자양번영로11길 4-9 (자양동),37.53227,127.07682,1,생활방범
서울특별시 광진구 자양번영로13길 32 (자양동),37.53242,127.08898,1,생활방범
서울특별시 광진구 광장로1길 23 (광장동),37.5629,127.09129,1,쓰레기단속
서울특별시 광진구 광진구아차산로21길 64-43 (화양동),37.53566,127.09456,1,쓰레기단속
서울특별시 광진구 광진구천호대로120길16,37.53554,127.09432,1,쓰레기단속
서울특별시 광진구 군자로 129-5 (군자동),37.56889,127.08303,1,쓰레기단속
서울특별시 광진구 군자로 15 (화양동),37.54778,127.09034,1,쓰레기단속
서울특별시 광진구 군자로13길 6 (군자동),37.5589,127.07731,1,쓰레기단속
서울특별시 광진구 긴고랑로13길 33 (중곡동),37.563,127.08316,1,쓰레기단속
서울특별시 광진구 긴고랑로2길 25 (중곡동 마을마당),37.54286,127.08304,1,쓰레기단속
서울특별시 광진구 긴고랑로30길 16 (중곡동),37.54781,127.09028,1,쓰레기단속
서울특별시 광진구 긴고랑로4길 5 (중곡동),37.53771,127.08791,1,쓰레기단속
서울특별시 광진구 능동로17길 53 (화양동),37.53855,127.08581,1,쓰레기단속
서울특별시 광진구 능동로36길 60 (능동),37.5494,127.08909,1,쓰레기단속
서울특별시 광진구 능동로57길 30-5 (중곡동),37.55232,127.08185,1,쓰레기단속
서울특별시 광진구 광장로1다길31 (광장동),37.55512,127.09971,1,생활방범
서울특별시 광진구 광장로3길 18-21 (광장동),37.55491,127.10038,1,생활방범
서울특별시 광진구 광장로3길 22 (광장동),37.54763,127.10685,1,생활방범
서울특별시 광진구 광장로5길 12 (광장동),37.54353,127.10244,1,생활방범
서울특별시 광진구 광장로5길 25-1,37.55186,127.08945,1,생활방범
서울특별시 광진구 광장로77,37.54513,127.08799,1,생활방범
서울특별시 광진구 광장로7길 24 (광장동),37.54594,127.08629,1,생활방범
서울특별시 광진구 광장로7길 7 (광장동),37.53272,127.09313,1,생활방범
서울특별시 광진구 광장로89,37.53505,127.09314,1,생활방범
서울특별시 광진구 광장로9길 6 (광장동),37.53777,127.09639,1,생활방범
서울특별시 광진구 구의1동 668-5,37.53382,127.0923,1,생활방범
서울특별시 광진구 구의강변로 69,37.54911,127.07546,1,생활방범
서울특별시 광진구 구의강변로3가길 3 (구의동),37.5636,127.08286,1,생활방범
서울특별시 광진구 구의강변로3길 39 (구의동),37.56151,127.07476,1,생활방범
서울특별시 광진구 구의동 4-20,37.5586,127.08045,1,생활방범
서울특별시 광진구 구의동 624-1,37.55253,127.0897,1,생활방범
서울특별시 광진구 구의로 13-6 (구의동),37.54112,127.06779,1,생활방범
서울특별시 광진구 구의로 19,37.54097,127.07129,1,생활방범
서울특별시 광진구 구의로 56 (구의동),37.54205,127.07144,1,생활방범
서울특별시 광진구 구의로 65 (구의동),37.54087,127.07092,1,생활방범
서울특별시 광진구 구의로 7,37.56503,127.0807,1,생활방범
서울특별시 광진구 구의로10길 12 (구의동),37.53164,127.08351,1,생활방범
서울특별시 광진구 구의로11길 28 (구의동),37.53206,127.08548,1,생활방범
서울특별시 광진구 구의로16길 36 (구의동),37.56756,127.085,1,생활방범
서울특별시 광진구 구의로1길 12 (구의동),37.54418,127.08479,1,생활방범
서울특별시 광진구 아차산로192,37.53146,127.07656,1,생활방범
서울특별시 광진구 아차산로21길 47 (화양동),37.5331,127.08887,1,생활방범
서울특별시 광진구 아차산로21길 62,37.53414,127.06977,1,생활방범
서울특별시 광진구 아차산로21길 97(화양동),37.53339,127.06856,1,생활방범
서울특별시 광진구 아차산로22길 27 (자양동),37.53546,127.07558,1,생활방범
서울특별시 광진구 아차산로23길 23-5,37.53654,127.06164,1,생활방범
서울특별시 광진구 아차산로23길 68 (화양동),37.53709,127.06808,1,생활방범
서울특별시 광진구 아차산로24길 17,37.53782,127.06621,1,생활방범
서울특별시 광진구 아차산로25길 20-9 (화양동),37.55733,127.08311,1,생활방범
서울특별시 광진구 아차산로25길 27 (화양동),37.56639,127.08069,1,생활방범
서울특별시 광진구 아차산로25길 27 (화양동),37.56557,127.08191,1,생활방범
서울특별시 광진구 아차산로25길 48 (화양동),37.56792,127.08703,1,생활방범
서울특별시 광진구 아차산로25길 76 (화양동),37.54519,127.07214,1,생활방범
서울특별시 광진구 아차산로27길 20,37.54412,127.06976,1,생활방범
서울특별시 광진구 아차산로27길 45-6 (화양동),37.54434,127.07164,1,생활방범
서울특별시 광진구 아차산로27길 60,37.56516,127.08076,1,생활방범
서울특별시 광진구 아차산로30길 39 (자양동),37.56539,127.07831,1,생활방범
서울특별시 광진구 아차산로30길18,37.55998,127.08465,1,생활방범
서울특별시 광진구 아차산로31길 14 (화양동),37.563,127.0841,1,생활방범
서울특별시 광진구 아차산로31길 14 (화양동),37.57102,127.08052,1,생활방범
서울특별시 광진구 아차산로32길 17 (자양동),37.55844,127.09037,1,생활방범
